Date,Days,Season,Trial_name,Treatment,R1,R2,R3,Thrips (Average of thrips counts 10 plants),,,,,
26-07-2023,15,Kharif,Trial1,T1,0.2,0.4,0.3,0,,,,,11-07-2023
26-07-2023,15,Kharif,Trial1,T2,0.8,1.4,1,1,,,,,11-07-2023
26-07-2023,15,Kharif,Trial1,T3,0.5,1,0.8,1,,,,,11-07-2023
26-07-2023,15,Kharif,Trial1,T4,1.8,1.8,1.9,2,,,,,11-07-2023
26-07-2023,15,Kharif,Trial1,T5,3,2.9,3.4,3,,,,,11-07-2023
31-07-2023,20,Kharif,Trial1,T1,2.1,2.4,2.5,2,,,,,11-07-2023
31-07-2023,20,Kharif,Trial1,T2,3.9,4.4,4.1,4,,,,,11-07-2023
31-07-2023,20,Kharif,Trial1,T3,1.4,1.9,1.5,2,,,,,11-07-2023
31-07-2023,20,Kharif,Trial1,T4,5.6,8.3,5.9,7,,,,,11-07-2023
31-07-2023,20,Kharif,Trial1,T5,0.7,1.2,1.1,1,,,,,11-07-2023
03-08-2023,23,Kharif,Trial1,T1,11.4,16.4,11.6,13,,,,,11-07-2023
03-08-2023,23,Kharif,Trial1,T2,3.8,4.6,3.9,4,,,,,11-07-2023
03-08-2023,23,Kharif,Trial1,T3,6.3,7.7,6.4,7,,,,,11-07-2023
03-08-2023,23,Kharif,Trial1,T4,7.5,10,7.6,8,,,,,11-07-2023
03-08-2023,23,Kharif,Trial1,T5,5.4,7.7,5.6,6,,,,,11-07-2023
07-08-2023,27,Kharif,Trial1,T1,13.6,20.6,13.7,16,,,,,11-07-2023
07-08-2023,27,Kharif,Trial1,T2,12.1,16.8,12.2,14,,,,,11-07-2023
07-08-2023,27,Kharif,Trial1,T3,11.4,15.5,11.5,13,,,,,11-07-2023
07-08-2023,27,Kharif,Trial1,T4,18.3,23.9,18.6,20,,,,,11-07-2023
07-08-2023,27,Kharif,Trial1,T5,3,3.9,3.2,3,,,,,11-07-2023
10-08-2023,30,Kharif,Trial1,T1,9.7,12.6,9.8,11,,,,,11-07-2023
10-08-2023,30,Kharif,Trial1,T2,16.3,19.5,16.1,17,,,,,11-07-2023
10-08-2023,30,Kharif,Trial1,T3,23.1,25.9,23.2,24,,,,,11-07-2023
10-08-2023,30,Kharif,Trial1,T4,15.7,20.8,15.8,17,,,,,11-07-2023
10-08-2023,30,Kharif,Trial1,T5,8.2,12.2,8.3,10,,,,,11-07-2023
14-08-2023,34,Kharif,Trial1,T1,20.3,23.7,20.4,21,,,,,11-07-2023
14-08-2023,34,Kharif,Trial1,T2,7.3,9.3,7.9,8,,,,,11-07-2023
14-08-2023,34,Kharif,Trial1,T3,6.4,8.5,7,7,,,,,11-07-2023
14-08-2023,34,Kharif,Trial1,T4,25.3,30.9,25.8,27,,,,,11-07-2023
14-08-2023,34,Kharif,Trial1,T5,4.8,6.9,5,6,,,,,11-07-2023
17-08-2023,37,Kharif,Trial1,T1,22.2,25.5,22.6,23,,,,,11-07-2023
17-08-2023,37,Kharif,Trial1,T2,9.8,12.6,10,11,,,,,11-07-2023
17-08-2023,37,Kharif,Trial1,T3,5.6,7.5,5.7,6,,,,,11-07-2023
17-08-2023,37,Kharif,Trial1,T4,35.3,35.8,35.7,36,,,,,11-07-2023
17-08-2023,37,Kharif,Trial1,T5,1.9,1.7,2.1,2,,,,,11-07-2023
21-08-2023,41,Kharif,Trial1,T1,30.9,27.9,31,30,,,,,11-07-2023
21-08-2023,41,Kharif,Trial1,T2,6.4,8.4,6.5,7,,,,,11-07-2023
21-08-2023,41,Kharif,Trial1,T3,7.6,10.4,8.1,9,,,,,11-07-2023
21-08-2023,41,Kharif,Trial1,T4,42.2,46.2,45,44,,,,,11-07-2023
21-08-2023,41,Kharif,Trial1,T5,7.2,10.5,7.3,8,,,,,11-07-2023
24-08-2023,44,Kharif,Trial1,T1,37.2,38.7,38.1,38,,,,,11-07-2023
24-08-2023,44,Kharif,Trial1,T2,38.3,30.5,38.8,36,,,,,11-07-2023
24-08-2023,44,Kharif,Trial1,T3,37.7,40.9,40.7,40,,,,,11-07-2023
24-08-2023,44,Kharif,Trial1,T4,41.5,40.3,42.2,41,,,,,11-07-2023
24-08-2023,44,Kharif,Trial1,T5,18,24.8,17,20,,,,,11-07-2023
28-08-2023,48,Kharif,Trial1,T1,43.3,37.5,43.8,42,,,,,11-07-2023
28-08-2023,48,Kharif,Trial1,T2,4.6,5.5,4.8,5,,,,,11-07-2023
28-08-2023,48,Kharif,Trial1,T3,5.9,7.7,6.1,7,,,,,11-07-2023
28-08-2023,48,Kharif,Trial1,T4,56.5,61.1,58.4,59,,,,,11-07-2023
28-08-2023,48,Kharif,Trial1,T5,4.7,6.6,5.2,6,,,,,11-07-2023
31-08-2023,51,Kharif,Trial1,T1,31,33,31.3,32,,,,,11-07-2023
31-08-2023,51,Kharif,Trial1,T2,11.7,17.6,12.3,14,,,,,11-07-2023
31-08-2023,51,Kharif,Trial1,T3,10.7,14.9,10.8,12,,,,,11-07-2023
31-08-2023,51,Kharif,Trial1,T4,52,53.2,54.1,53,,,,,11-07-2023
31-08-2023,51,Kharif,Trial1,T5,10.7,14.4,10.9,12,,,,,11-07-2023
04-09-2023,55,Kharif,Trial1,T1,51.3,50.8,56.2,53,,,,,11-07-2023
04-09-2023,55,Kharif,Trial1,T2,10.9,15.1,12,13,,,,,11-07-2023
04-09-2023,55,Kharif,Trial1,T3,9.3,15.4,9.6,11,,,,,11-07-2023
04-09-2023,55,Kharif,Trial1,T4,72.2,78.8,71.3,74,,,,,11-07-2023
04-09-2023,55,Kharif,Trial1,T5,15.3,22.9,15.2,18,,,,,11-07-2023
07-09-2023,58,Kharif,Trial1,T1,73.2,69.6,74.5,72,,,,,11-07-2023
07-09-2023,58,Kharif,Trial1,T2,4,6,5.1,5,,,,,11-07-2023
07-09-2023,58,Kharif,Trial1,T3,5.1,6.9,6.1,6,,,,,11-07-2023
07-09-2023,58,Kharif,Trial1,T4,100.7,61.6,103.8,89,,,,,11-07-2023
07-09-2023,58,Kharif,Trial1,T5,9.9,12.7,10.9,11,,,,,11-07-2023
11-09-2023,62,Kharif,Trial1,T1,17,26.3,17.7,20,,,,,11-07-2023
11-09-2023,62,Kharif,Trial1,T2,4.8,6.8,5.2,6,,,,,11-07-2023
11-09-2023,62,Kharif,Trial1,T3,1.7,1.9,2.5,2,,,,,11-07-2023
11-09-2023,62,Kharif,Trial1,T4,14.3,19.5,14.8,16,,,,,11-07-2023
11-09-2023,62,Kharif,Trial1,T5,1.8,1.5,2,2,,,,,11-07-2023
14-09-2023,65,Kharif,Trial1,T1,25.7,31.2,26.2,28,,,,,11-07-2023
14-09-2023,65,Kharif,Trial1,T2,1.3,1.3,1.6,1,,,,,11-07-2023
14-09-2023,65,Kharif,Trial1,T3,1.3,1.4,1.7,1,,,,,11-07-2023
14-09-2023,65,Kharif,Trial1,T4,44.8,38.8,46.3,43,,,,,11-07-2023
14-09-2023,65,Kharif,Trial1,T5,1,1.1,1.9,1,,,,,11-07-2023
18-09-2023,69,Kharif,Trial1,T1,16.1,21.1,16.1,18,,,,,11-07-2023
18-09-2023,69,Kharif,Trial1,T2,9.5,11.7,8.5,10,,,,,11-07-2023
18-09-2023,69,Kharif,Trial1,T3,6.4,8.4,6.6,7,,,,,11-07-2023
18-09-2023,69,Kharif,Trial1,T4,16.9,24.5,18.1,20,,,,,11-07-2023
18-09-2023,69,Kharif,Trial1,T5,5.2,7.4,5.5,6,,,,,11-07-2023
21-09-2023,72,Kharif,Trial1,T1,38.4,33.2,38.7,37,,,,,11-07-2023
21-09-2023,72,Kharif,Trial1,T2,8.4,11,8.6,9,,,,,11-07-2023
21-09-2023,72,Kharif,Trial1,T3,7.5,9,7.8,8,,,,,11-07-2023
21-09-2023,72,Kharif,Trial1,T4,29.7,29.2,29.9,30,,,,,11-07-2023
21-09-2023,72,Kharif,Trial1,T5,5.1,5.9,5.3,5,,,,,11-07-2023
25-09-2023,76,Kharif,Trial1,T1,3.7,5.3,3.8,4,,,,,11-07-2023
25-09-2023,76,Kharif,Trial1,T2,5.9,8.1,5.9,7,,,,,11-07-2023
25-09-2023,76,Kharif,Trial1,T3,9.6,13.1,9.8,11,,,,,11-07-2023
25-09-2023,76,Kharif,Trial1,T4,6,7.4,6.2,7,,,,,11-07-2023
25-09-2023,76,Kharif,Trial1,T5,0.9,1.4,1.2,1,,,,,11-07-2023
29-09-2023,80,Kharif,Trial1,T1,0.2,0.4,0.3,0,,,,,11-07-2023
29-09-2023,80,Kharif,Trial1,T2,0.3,0.4,0.4,0,,,,,11-07-2023
29-09-2023,80,Kharif,Trial1,T3,0.1,0.2,0.4,0,,,,,11-07-2023
29-09-2023,80,Kharif,Trial1,T4,2.6,2.4,3.1,3,,,,,11-07-2023
29-09-2023,80,Kharif,Trial1,T5,0.3,0.4,1.3,1,,,,,11-07-2023
03-08-2023,10,Kharif,Trial 2,T1,0,0.3,0.1,0,,,,,24-07-2023
03-08-2023,10,Kharif,Trial 2,T2,0.1,0.4,0.3,0,,,,,24-07-2023
03-08-2023,10,Kharif,Trial 2,T3,0.1,0.3,0.4,0,,,,,24-07-2023
03-08-2023,10,Kharif,Trial 2,T4,1.3,1.4,1.4,1,,,,,24-07-2023
03-08-2023,10,Kharif,Trial 2,T5,0.2,0.2,0.3,0,,,,,24-07-2023
07-08-2023,14,Kharif,Trial 2,T1,1.5,1.8,1.8,2,,,,,24-07-2023
07-08-2023,14,Kharif,Trial 2,T2,1.2,1.5,1.3,1,,,,,24-07-2023
07-08-2023,14,Kharif,Trial 2,T3,0.9,1,1,1,,,,,24-07-2023
07-08-2023,14,Kharif,Trial 2,T4,0.7,0.9,0.9,1,,,,,24-07-2023
07-08-2023,14,Kharif,Trial 2,T5,0.2,0.2,0.4,0,,,,,24-07-2023
10-08-2023,17,Kharif,Trial 2,T1,1,1.2,1.1,1,,,,,24-07-2023
10-08-2023,17,Kharif,Trial 2,T2,0.3,1,0.5,1,,,,,24-07-2023
10-08-2023,17,Kharif,Trial 2,T3,0,0.4,0.3,0,,,,,24-07-2023
10-08-2023,17,Kharif,Trial 2,T4,0.4,0.7,0.8,1,,,,,24-07-2023
10-08-2023,17,Kharif,Trial 2,T5,0,0,0.4,0,,,,,24-07-2023
14-08-2023,21,Kharif,Trial 2,T1,2.1,2,2.2,2,,,,,24-07-2023
14-08-2023,21,Kharif,Trial 2,T2,1,1.1,1.3,1,,,,,24-07-2023
14-08-2023,21,Kharif,Trial 2,T3,0.5,0.7,0.9,1,,,,,24-07-2023
14-08-2023,21,Kharif,Trial 2,T4,1.9,2.1,2,2,,,,,24-07-2023
14-08-2023,21,Kharif,Trial 2,T5,0.1,17.3,0.3,6,,,,,24-07-2023
17-08-2023,24,Kharif,Trial 2,T1,5.1,5,5.2,5,,,,,24-07-2023
17-08-2023,24,Kharif,Trial 2,T2,2.5,2.5,2.6,3,,,,,24-07-2023
17-08-2023,24,Kharif,Trial 2,T3,2.1,2.1,2.6,2,,,,,24-07-2023
17-08-2023,24,Kharif,Trial 2,T4,3.4,3.4,3.8,4,,,,,24-07-2023
17-08-2023,24,Kharif,Trial 2,T5,1.5,1.5,1.7,2,,,,,24-07-2023
21-08-2023,28,Kharif,Trial 2,T1,12.4,11.6,12.5,12,,,,,24-07-2023
21-08-2023,28,Kharif,Trial 2,T2,15.2,14.7,15.4,15,,,,,24-07-2023
21-08-2023,28,Kharif,Trial 2,T3,18.1,18.1,18.3,18,,,,,24-07-2023
21-08-2023,28,Kharif,Trial 2,T4,19.4,19.4,20.2,20,,,,,24-07-2023
21-08-2023,28,Kharif,Trial 2,T5,2.9,2.9,3.5,3,,,,,24-07-2023
24-08-2023,31,Kharif,Trial 2,T1,41.2,41.2,41,41,,,,,24-07-2023
24-08-2023,31,Kharif,Trial 2,T2,6.4,6.4,6.6,6,,,,,24-07-2023
24-08-2023,31,Kharif,Trial 2,T3,5.4,4.9,5.3,5,,,,,24-07-2023
24-08-2023,31,Kharif,Trial 2,T4,47,46.8,47.2,47,,,,,24-07-2023
24-08-2023,31,Kharif,Trial 2,T5,17.3,16.8,17,17,,,,,24-07-2023
28-08-2023,35,Kharif,Trial 2,T1,21,20.4,21.2,21,,,,,24-07-2023
28-08-2023,35,Kharif,Trial 2,T2,4.6,4.6,4.9,5,,,,,24-07-2023
28-08-2023,35,Kharif,Trial 2,T3,2,2,2.5,2,,,,,24-07-2023
28-08-2023,35,Kharif,Trial 2,T4,24,23.5,25,24,,,,,24-07-2023
28-08-2023,35,Kharif,Trial 2,T5,1.1,1.1,1.3,1,,,,,24-07-2023
31-08-2023,38,Kharif,Trial 2,T1,26.4,26.3,26.7,26,,,,,24-07-2023
31-08-2023,38,Kharif,Trial 2,T2,17.7,17.5,17.3,18,,,,,24-07-2023
31-08-2023,38,Kharif,Trial 2,T3,9.5,9.5,9.7,10,,,,,24-07-2023
31-08-2023,38,Kharif,Trial 2,T4,39.8,39.7,40.3,40,,,,,24-07-2023
31-08-2023,38,Kharif,Trial 2,T5,4.7,4.7,4.9,5,,,,,24-07-2023
04-09-2023,42,Kharif,Trial 2,T1,56.6,56.5,56.8,57,,,,,24-07-2023
04-09-2023,42,Kharif,Trial 2,T2,19.9,19.2,20.1,20,,,,,24-07-2023
04-09-2023,42,Kharif,Trial 2,T3,22.2,21.8,22.3,22,,,,,24-07-2023
04-09-2023,42,Kharif,Trial 2,T4,43,43,45,44,,,,,24-07-2023
04-09-2023,42,Kharif,Trial 2,T5,18,17.3,18.1,18,,,,,24-07-2023
07-09-2023,45,Kharif,Trial 2,T1,73.3,73.3,73.4,73,,,,,24-07-2023
07-09-2023,45,Kharif,Trial 2,T2,21.7,21.3,21.9,22,,,,,24-07-2023
07-09-2023,45,Kharif,Trial 2,T3,15.5,14.9,15.6,15,,,,,24-07-2023
07-09-2023,45,Kharif,Trial 2,T4,96.8,96.6,98.7,97,,,,,24-07-2023
07-09-2023,45,Kharif,Trial 2,T5,13.8,13.1,14.4,14,,,,,24-07-2023
11-09-2023,49,Kharif,Trial 2,T1,26,25.1,26.4,26,,,,,24-07-2023
11-09-2023,49,Kharif,Trial 2,T2,13.9,13.5,14.6,14,,,,,24-07-2023
11-09-2023,49,Kharif,Trial 2,T3,4.8,4.8,5,5,,,,,24-07-2023
11-09-2023,49,Kharif,Trial 2,T4,23.4,23.1,23.9,23,,,,,24-07-2023
11-09-2023,49,Kharif,Trial 2,T5,11.2,10.8,11.4,11,,,,,24-07-2023
14-09-2023,52,Kharif,Trial 2,T1,22.8,21.6,22.9,22,,,,,24-07-2023
14-09-2023,52,Kharif,Trial 2,T2,1.4,1.4,1.9,2,,,,,24-07-2023
14-09-2023,52,Kharif,Trial 2,T3,0.9,0.9,1.4,1,,,,,24-07-2023
14-09-2023,52,Kharif,Trial 2,T4,42.7,45.5,41.6,43,,,,,24-07-2023
14-09-2023,52,Kharif,Trial 2,T5,0.8,0.8,1,1,,,,,24-07-2023
18-09-2023,56,Kharif,Trial 2,T1,17.6,16.5,17.8,17,,,,,24-07-2023
18-09-2023,56,Kharif,Trial 2,T2,7.2,7.2,7.1,7,,,,,24-07-2023
18-09-2023,56,Kharif,Trial 2,T3,3.1,3.1,3.6,3,,,,,24-07-2023
18-09-2023,56,Kharif,Trial 2,T4,36.3,33.6,36.5,35,,,,,24-07-2023
18-09-2023,56,Kharif,Trial 2,T5,4.6,4.6,4.7,5,,,,,24-07-2023
21-09-2023,59,Kharif,Trial 2,T1,26,25.1,26.1,26,,,,,24-07-2023
21-09-2023,59,Kharif,Trial 2,T2,2.6,13.5,2.9,6,,,,,24-07-2023
21-09-2023,59,Kharif,Trial 2,T3,1.8,4.8,2,3,,,,,24-07-2023
21-09-2023,59,Kharif,Trial 2,T4,30.5,23.1,30.8,28,,,,,24-07-2023
21-09-2023,59,Kharif,Trial 2,T5,3.7,10.8,3.9,6,,,,,24-07-2023
25-09-2023,63,Kharif,Trial 2,T1,13.3,13.6,13.4,13,,,,,24-07-2023
25-09-2023,63,Kharif,Trial 2,T2,4,4,4.2,4,,,,,24-07-2023
25-09-2023,63,Kharif,Trial 2,T3,3.2,3.2,3.6,3,,,,,24-07-2023
25-09-2023,63,Kharif,Trial 2,T4,23.3,22,22.9,23,,,,,24-07-2023
25-09-2023,63,Kharif,Trial 2,T5,3.7,3.7,4.2,4,,,,,24-07-2023
29-09-2023,67,Kharif,Trial 2,T1,0.4,0.7,0.5,1,,,,,24-07-2023
29-09-2023,67,Kharif,Trial 2,T2,0.6,0.6,0.7,1,,,,,24-07-2023
29-09-2023,67,Kharif,Trial 2,T3,0.4,0.4,0.5,0,,,,,24-07-2023
29-09-2023,67,Kharif,Trial 2,T4,3.6,3.1,3.3,3,,,,,24-07-2023
29-09-2023,67,Kharif,Trial 2,T5,0,0,0,0,,,,,24-07-2023
03-10-2023,71,Kharif,Trial 2,T1,0.9,1.4,1,1,,,,,24-07-2023
03-10-2023,71,Kharif,Trial 2,T2,0.3,0.5,0.5,0,,,,,24-07-2023
03-10-2023,71,Kharif,Trial 2,T3,0.4,0.5,0.6,1,,,,,24-07-2023
03-10-2023,71,Kharif,Trial 2,T4,1.5,1.9,1.7,2,,,,,24-07-2023
03-10-2023,71,Kharif,Trial 2,T5,0.4,0.5,0.5,0,,,,,24-07-2023
05-10-2023,73,Kharif,Trial 2,T1,1.6,1.7,1.7,2,,,,,24-07-2023
05-10-2023,73,Kharif,Trial 2,T2,0.2,0.2,0.4,0,,,,,24-07-2023
05-10-2023,73,Kharif,Trial 2,T3,0,0,0.3,0,,,,,24-07-2023
05-10-2023,73,Kharif,Trial 2,T4,0.8,1,1.2,1,,,,,24-07-2023
05-10-2023,73,Kharif,Trial 2,T5,0,0,0,0,,,,,24-07-2023
09-10-2023,77,Kharif,Trial 2,T1,0,0,0,0,,,,,24-07-2023
09-10-2023,77,Kharif,Trial 2,T2,0,0,0,0,,,,,24-07-2023
09-10-2023,77,Kharif,Trial 2,T3,0,0,0,0,,,,,24-07-2023
09-10-2023,77,Kharif,Trial 2,T4,0,0,0,0,,,,,24-07-2023
09-10-2023,77,Kharif,Trial 2,T5,0,0,0,0,,,,,24-07-2023
12-10-2023,80,Kharif,Trial 2,T1,0,0,0.8,0,,,,,24-07-2023
12-10-2023,80,Kharif,Trial 2,T2,0,0,0,0,,,,,24-07-2023
12-10-2023,80,Kharif,Trial 2,T3,0,0,0,0,,,,,24-07-2023
12-10-2023,80,Kharif,Trial 2,T4,0.3,0.5,0.4,0,,,,,24-07-2023
12-10-2023,80,Kharif,Trial 2,T5,0,0,0.2,0,,,,,24-07-2023
24-08-2023,16,Kharif,Trial 3,T1,0.3,0.9,0.4,1,,,,,08-08-2023
24-08-2023,16,Kharif,Trial 3,T2,0.4,0.4,0.6,0,,,,,08-08-2023
24-08-2023,16,Kharif,Trial 3,T3,0.3,0.3,0.6,0,,,,,08-08-2023
24-08-2023,16,Kharif,Trial 3,T4,0.4,0.4,0.5,0,,,,,08-08-2023
24-08-2023,16,Kharif,Trial 3,T5,0.1,0.5,0.2,0,,,,,08-08-2023
28-08-2023,20,Kharif,Trial 3,T1,4.9,5.3,4.7,5,,,,,08-08-2023
28-08-2023,20,Kharif,Trial 3,T2,6.7,7,7.7,7,,,,,08-08-2023
28-08-2023,20,Kharif,Trial 3,T3,8,8.2,8.1,8,,,,,08-08-2023
28-08-2023,20,Kharif,Trial 3,T4,12.5,13.8,13.7,13,,,,,08-08-2023
28-08-2023,20,Kharif,Trial 3,T5,1.2,1.2,1.4,1,,,,,08-08-2023
31-08-2023,23,Kharif,Trial 3,T1,11.8,11.8,11.9,12,,,,,08-08-2023
31-08-2023,23,Kharif,Trial 3,T2,14,14.5,14.2,14,,,,,08-08-2023
31-08-2023,23,Kharif,Trial 3,T3,12.4,11,12.6,12,,,,,08-08-2023
31-08-2023,23,Kharif,Trial 3,T4,13.8,12.9,14.1,14,,,,,08-08-2023
31-08-2023,23,Kharif,Trial 3,T5,6.4,6.3,6.6,6,,,,,08-08-2023
04-09-2023,27,Kharif,Trial 3,T1,20.5,20.9,20.7,21,,,,,08-08-2023
04-09-2023,27,Kharif,Trial 3,T2,14.4,14.8,15.9,15,,,,,08-08-2023
04-09-2023,27,Kharif,Trial 3,T3,13.6,15.2,13.8,14,,,,,08-08-2023
04-09-2023,27,Kharif,Trial 3,T4,30,31.4,30.4,31,,,,,08-08-2023
04-09-2023,27,Kharif,Trial 3,T5,11.6,12.1,11.9,12,,,,,08-08-2023
07-09-2023,30,Kharif,Trial 3,T1,37.4,38.4,37.6,38,,,,,08-08-2023
07-09-2023,30,Kharif,Trial 3,T2,21.4,20.6,23.6,22,,,,,08-08-2023
07-09-2023,30,Kharif,Trial 3,T3,16.9,17.4,17.1,17,,,,,08-08-2023
07-09-2023,30,Kharif,Trial 3,T4,41,43.6,38.8,41,,,,,08-08-2023
07-09-2023,30,Kharif,Trial 3,T5,19.4,19.4,19.5,19,,,,,08-08-2023
11-09-2023,34,Kharif,Trial 3,T1,27.2,27.5,27.3,27,,,,,08-08-2023
11-09-2023,34,Kharif,Trial 3,T2,24.4,24.5,25.5,25,,,,,08-08-2023
11-09-2023,34,Kharif,Trial 3,T3,24.7,24.9,24.3,25,,,,,08-08-2023
11-09-2023,34,Kharif,Trial 3,T4,28.9,28.2,28,28,,,,,08-08-2023
11-09-2023,34,Kharif,Trial 3,T5,28.1,27.7,27.7,28,,,,,08-08-2023
14-09-2023,37,Kharif,Trial 3,T1,30.5,30.5,31.1,31,,,,,08-08-2023
14-09-2023,37,Kharif,Trial 3,T2,1,1.2,1.3,1,,,,,08-08-2023
14-09-2023,37,Kharif,Trial 3,T3,1.2,1.5,1.5,1,,,,,08-08-2023
14-09-2023,37,Kharif,Trial 3,T4,38.2,39.4,37.1,38,,,,,08-08-2023
14-09-2023,37,Kharif,Trial 3,T5,0.9,1.1,1.1,1,,,,,08-08-2023
18-09-2023,41,Kharif,Trial 3,T1,40.3,40.3,40.4,40,,,,,08-08-2023
18-09-2023,41,Kharif,Trial 3,T2,4.1,4.6,4.3,4,,,,,08-08-2023
18-09-2023,41,Kharif,Trial 3,T3,5,4.9,5.1,5,,,,,08-08-2023
18-09-2023,41,Kharif,Trial 3,T4,36.1,32.4,36.2,35,,,,,08-08-2023
18-09-2023,41,Kharif,Trial 3,T5,1.7,1.9,1.9,2,,,,,08-08-2023
21-09-2023,44,Kharif,Trial 3,T1,41.8,41.3,41.7,42,,,,,08-08-2023
21-09-2023,44,Kharif,Trial 3,T2,3,3,2.7,3,,,,,08-08-2023
21-09-2023,44,Kharif,Trial 3,T3,1.7,2.5,2,2,,,,,08-08-2023
21-09-2023,44,Kharif,Trial 3,T4,41.1,39.9,42.6,41,,,,,08-08-2023
21-09-2023,44,Kharif,Trial 3,T5,2.8,3,3,3,,,,,08-08-2023
25-09-2023,48,Kharif,Trial 3,T1,25,24.5,25.3,25,,,,,08-08-2023
25-09-2023,48,Kharif,Trial 3,T2,2.9,3,3,3,,,,,08-08-2023
25-09-2023,48,Kharif,Trial 3,T3,4.6,4.7,4.9,5,,,,,08-08-2023
25-09-2023,48,Kharif,Trial 3,T4,27.8,23.6,28.1,27,,,,,08-08-2023
25-09-2023,48,Kharif,Trial 3,T5,2.1,2.4,2.3,2,,,,,08-08-2023
29-09-2023,52,Kharif,Trial 3,T1,4.8,5,5.5,5,,,,,08-08-2023
29-09-2023,52,Kharif,Trial 3,T2,0.2,0.5,0.7,0,,,,,08-08-2023
29-09-2023,52,Kharif,Trial 3,T3,0.4,0.9,1,1,,,,,08-08-2023
29-09-2023,52,Kharif,Trial 3,T4,7.7,8,7.3,8,,,,,08-08-2023
29-09-2023,52,Kharif,Trial 3,T5,0.2,0.6,0.3,0,,,,,08-08-2023
03-10-2023,56,Kharif,Trial 3,T1,1.1,1.5,1.2,1,,,,,08-08-2023
03-10-2023,56,Kharif,Trial 3,T2,0.1,0.6,0.6,0,,,,,08-08-2023
03-10-2023,56,Kharif,Trial 3,T3,0.4,0.7,0.5,1,,,,,08-08-2023
03-10-2023,56,Kharif,Trial 3,T4,1,1.5,1.2,1,,,,,08-08-2023
03-10-2023,56,Kharif,Trial 3,T5,0.2,0.7,0.3,0,,,,,08-08-2023
05-10-2023,58,Kharif,Trial 3,T1,1.8,2,1.9,2,,,,,08-08-2023
05-10-2023,58,Kharif,Trial 3,T2,0.1,0.8,0.4,0,,,,,08-08-2023
05-10-2023,58,Kharif,Trial 3,T3,0.3,0.5,0.8,1,,,,,08-08-2023
05-10-2023,58,Kharif,Trial 3,T4,2.1,2.4,2.9,2,,,,,08-08-2023
05-10-2023,58,Kharif,Trial 3,T5,0,0.2,0.2,0,,,,,08-08-2023
09-10-2023,62,Kharif,Trial 3,T1,0,0.2,0,0,,,,,08-08-2023
09-10-2023,62,Kharif,Trial 3,T2,0,0.4,0,0,,,,,08-08-2023
09-10-2023,62,Kharif,Trial 3,T3,0,0.4,0,0,,,,,08-08-2023
09-10-2023,62,Kharif,Trial 3,T4,0,0.5,0,0,,,,,08-08-2023
09-10-2023,62,Kharif,Trial 3,T5,0,0,0,0,,,,,08-08-2023
12-10-2023,65,Kharif,Trial 3,T1,0.1,0.7,0.3,0,,,,,08-08-2023
12-10-2023,65,Kharif,Trial 3,T2,0,0.4,0,0,,,,,08-08-2023
12-10-2023,65,Kharif,Trial 3,T3,0,0.2,0,0,,,,,08-08-2023
12-10-2023,65,Kharif,Trial 3,T4,0.2,0.7,0.4,0,,,,,08-08-2023
12-10-2023,65,Kharif,Trial 3,T5,0,0.5,0,0,,,,,08-08-2023
16-10-2023,69,Kharif,Trial 3,T1,0.8,1.5,1,1,,,,,08-08-2023
16-10-2023,69,Kharif,Trial 3,T2,0.1,2.1,0.4,1,,,,,08-08-2023
16-10-2023,69,Kharif,Trial 3,T3,0,0.8,0.1,0,,,,,08-08-2023
16-10-2023,69,Kharif,Trial 3,T4,0.3,1.2,0.5,1,,,,,08-08-2023
16-10-2023,69,Kharif,Trial 3,T5,0,0.7,0,0,,,,,08-08-2023
19-10-2023,72,Kharif,Trial 3,T1,0,0.9,0.1,0,,,,,08-08-2023
19-10-2023,72,Kharif,Trial 3,T2,0,0.2,0.1,0,,,,,08-08-2023
19-10-2023,72,Kharif,Trial 3,T3,0,0.3,0.2,0,,,,,08-08-2023
19-10-2023,72,Kharif,Trial 3,T4,0,1.3,0.5,1,,,,,08-08-2023
19-10-2023,72,Kharif,Trial 3,T5,0,0.4,0,0,,,,,08-08-2023
23-10-2023,76,Kharif,Trial 3,T1,0.1,0.9,0.1,0,,,,,08-08-2023
23-10-2023,76,Kharif,Trial 3,T2,0,0,0,0,,,,,08-08-2023
23-10-2023,76,Kharif,Trial 3,T3,0,0.2,0,0,,,,,08-08-2023
23-10-2023,76,Kharif,Trial 3,T4,0,0.4,0,0,,,,,08-08-2023
23-10-2023,76,Kharif,Trial 3,T5,0,0,0,0,,,,,08-08-2023
26-10-2023,79,Kharif,Trial 3,T1,0,1.8,0,1,,,,,08-08-2023
26-10-2023,79,Kharif,Trial 3,T2,0,0,0,0,,,,,08-08-2023
26-10-2023,79,Kharif,Trial 3,T3,0,0,0,0,,,,,08-08-2023
26-10-2023,79,Kharif,Trial 3,T4,0,0.4,0,0,,,,,08-08-2023
26-10-2023,79,Kharif,Trial 3,T5,0,0,0,0,,,,,08-08-2023
11-09-2023,17,Kharif,Trial 4,T1,6.7,7,6.9,7,,,,,25-08-2023
11-09-2023,17,Kharif,Trial 4,T2,8.5,7.9,9.3,9,,,,,25-08-2023
11-09-2023,17,Kharif,Trial 4,T3,9.6,10.2,9.6,10,,,,,25-08-2023
11-09-2023,17,Kharif,Trial 4,T4,9.8,10,9.3,10,,,,,25-08-2023
11-09-2023,17,Kharif,Trial 4,T5,9.9,10.1,10.1,10,,,,,25-08-2023
14-09-2023,20,Kharif,Trial 4,T1,17.4,17.7,16.9,17,,,,,25-08-2023
14-09-2023,20,Kharif,Trial 4,T2,13.5,13.7,12.3,13,,,,,25-08-2023
14-09-2023,20,Kharif,Trial 4,T3,13.9,13.4,14.4,14,,,,,25-08-2023
14-09-2023,20,Kharif,Trial 4,T4,19.8,20.3,18.5,20,,,,,25-08-2023
14-09-2023,20,Kharif,Trial 4,T5,1.1,1.1,1.2,1,,,,,25-08-2023
18-09-2023,24,Kharif,Trial 4,T1,14.7,14.9,14.3,15,,,,,25-08-2023
18-09-2023,24,Kharif,Trial 4,T2,10.2,10.4,9.1,10,,,,,25-08-2023
18-09-2023,24,Kharif,Trial 4,T3,14.6,14.7,14.5,15,,,,,25-08-2023
18-09-2023,24,Kharif,Trial 4,T4,11.4,10.9,11.6,11,,,,,25-08-2023
18-09-2023,24,Kharif,Trial 4,T5,4.5,4.4,4.8,5,,,,,25-08-2023
21-09-2023,27,Kharif,Trial 4,T1,13,12.9,12.7,13,,,,,25-08-2023
21-09-2023,27,Kharif,Trial 4,T2,13.2,15.3,13,14,,,,,25-08-2023
21-09-2023,27,Kharif,Trial 4,T3,13.6,12.2,13.7,13,,,,,25-08-2023
21-09-2023,27,Kharif,Trial 4,T4,15.1,12.8,15.1,14,,,,,25-08-2023
21-09-2023,27,Kharif,Trial 4,T5,0.7,0.7,0.9,1,,,,,25-08-2023
25-09-2023,31,Kharif,Trial 4,T1,8.7,8.1,8.6,8,,,,,25-08-2023
25-09-2023,31,Kharif,Trial 4,T2,5.7,5.2,5.5,5,,,,,25-08-2023
25-09-2023,31,Kharif,Trial 4,T3,4,3.3,3.7,4,,,,,25-08-2023
25-09-2023,31,Kharif,Trial 4,T4,10.7,9.3,10.6,10,,,,,25-08-2023
25-09-2023,31,Kharif,Trial 4,T5,2.6,2.5,3,3,,,,,25-08-2023
29-09-2023,35,Kharif,Trial 4,T1,5.3,4.9,5.5,5,,,,,25-08-2023
29-09-2023,35,Kharif,Trial 4,T2,0.5,0.7,0.8,1,,,,,25-08-2023
29-09-2023,35,Kharif,Trial 4,T3,0.2,0.2,0.4,0,,,,,25-08-2023
29-09-2023,35,Kharif,Trial 4,T4,6.3,6,6,6,,,,,25-08-2023
29-09-2023,35,Kharif,Trial 4,T5,0.2,0.2,0.3,0,,,,,25-08-2023
03-10-2023,39,Kharif,Trial 4,T1,0.9,1,1.2,1,,,,,25-08-2023
03-10-2023,39,Kharif,Trial 4,T2,0.2,0.2,0.7,0,,,,,25-08-2023
03-10-2023,39,Kharif,Trial 4,T3,0.7,1,0.9,1,,,,,25-08-2023
03-10-2023,39,Kharif,Trial 4,T4,1.5,1.6,1.7,2,,,,,25-08-2023
03-10-2023,39,Kharif,Trial 4,T5,0.5,0.4,1.1,1,,,,,25-08-2023
05-10-2023,41,Kharif,Trial 4,T1,4,3.5,4.3,4,,,,,25-08-2023
05-10-2023,41,Kharif,Trial 4,T2,0.5,0.5,0.8,1,,,,,25-08-2023
05-10-2023,41,Kharif,Trial 4,T3,0.2,0.2,0.6,0,,,,,25-08-2023
05-10-2023,41,Kharif,Trial 4,T4,6.3,6,6.8,6,,,,,25-08-2023
05-10-2023,41,Kharif,Trial 4,T5,0.2,0.7,0.7,1,,,,,25-08-2023
09-10-2023,45,Kharif,Trial 4,T1,0.6,1.8,1.2,1,,,,,25-08-2023
09-10-2023,45,Kharif,Trial 4,T2,0,0,0.2,0,,,,,25-08-2023
09-10-2023,45,Kharif,Trial 4,T3,0.2,0.4,0.7,0,,,,,25-08-2023
09-10-2023,45,Kharif,Trial 4,T4,0.7,0.7,1.1,1,,,,,25-08-2023
09-10-2023,45,Kharif,Trial 4,T5,0.2,0.3,0.4,0,,,,,25-08-2023
12-10-2023,48,Kharif,Trial 4,T1,0.4,0.4,0.6,0,,,,,25-08-2023
12-10-2023,48,Kharif,Trial 4,T2,0.1,0.1,0.4,0,,,,,25-08-2023
12-10-2023,48,Kharif,Trial 4,T3,0.2,0.6,0.7,1,,,,,25-08-2023
12-10-2023,48,Kharif,Trial 4,T4,0.5,0.7,1.6,1,,,,,25-08-2023
12-10-2023,48,Kharif,Trial 4,T5,0,0.1,0.4,0,,,,,25-08-2023
16-10-2023,52,Kharif,Trial 4,T1,1,1.7,1.3,1,,,,,25-08-2023
16-10-2023,52,Kharif,Trial 4,T2,0.3,0.3,0.8,0,,,,,25-08-2023
16-10-2023,52,Kharif,Trial 4,T3,0,0,0.2,0,,,,,25-08-2023
16-10-2023,52,Kharif,Trial 4,T4,0.7,1.1,1,1,,,,,25-08-2023
16-10-2023,52,Kharif,Trial 4,T5,0,0,0.2,0,,,,,25-08-2023
19-10-2023,55,Kharif,Trial 4,T1,0.1,0.1,0.1,0,,,,,25-08-2023
19-10-2023,55,Kharif,Trial 4,T2,0,0,0,0,,,,,25-08-2023
19-10-2023,55,Kharif,Trial 4,T3,0,0,0,0,,,,,25-08-2023
19-10-2023,55,Kharif,Trial 4,T4,0,0,0,0,,,,,25-08-2023
19-10-2023,55,Kharif,Trial 4,T5,0,0,0,0,,,,,25-08-2023
23-10-2023,59,Kharif,Trial 4,T1,0,0,0,0,,,,,25-08-2023
23-10-2023,59,Kharif,Trial 4,T2,0,0,0,0,,,,,25-08-2023
23-10-2023,59,Kharif,Trial 4,T3,0,0,0,0,,,,,25-08-2023
23-10-2023,59,Kharif,Trial 4,T4,0,0,0,0,,,,,25-08-2023
23-10-2023,59,Kharif,Trial 4,T5,0,0,0,0,,,,,25-08-2023
26-10-2023,62,Kharif,Trial 4,T1,0,0,0,0,,,,,25-08-2023
26-10-2023,62,Kharif,Trial 4,T2,0,0,0,0,,,,,25-08-2023
26-10-2023,62,Kharif,Trial 4,T3,0,0,0,0,,,,,25-08-2023
26-10-2023,62,Kharif,Trial 4,T4,0,0,0,0,,,,,25-08-2023
26-10-2023,62,Kharif,Trial 4,T5,0,0,0,0,,,,,25-08-2023
30-10-2023,66,Kharif,Trial 4,T1,0,0,0,0,,,,,25-08-2023
30-10-2023,66,Kharif,Trial 4,T2,0,0,0,0,,,,,25-08-2023
30-10-2023,66,Kharif,Trial 4,T3,0,0,0,0,,,,,25-08-2023
30-10-2023,66,Kharif,Trial 4,T4,0,0,0,0,,,,,25-08-2023
30-10-2023,66,Kharif,Trial 4,T5,0,0,0,0,,,,,25-08-2023
02-11-2023,69,Kharif,Trial 4,T1,0,0.5,0,0,,,,,25-08-2023
02-11-2023,69,Kharif,Trial 4,T2,0,0,0,0,,,,,25-08-2023
02-11-2023,69,Kharif,Trial 4,T3,0,0,0,0,,,,,25-08-2023
02-11-2023,69,Kharif,Trial 4,T4,0,0,0,0,,,,,25-08-2023
02-11-2023,69,Kharif,Trial 4,T5,0,0.1,0,0,,,,,25-08-2023
06-11-2023,73,Kharif,Trial 4,T1,1.1,1.5,1.1,1,,,,,25-08-2023
06-11-2023,73,Kharif,Trial 4,T2,0,0,0,0,,,,,25-08-2023
06-11-2023,73,Kharif,Trial 4,T3,0,0.1,0,0,,,,,25-08-2023
06-11-2023,73,Kharif,Trial 4,T4,0.6,0.8,1.2,1,,,,,25-08-2023
06-11-2023,73,Kharif,Trial 4,T5,0,0,0,0,,,,,25-08-2023
09-11-2023,76,Kharif,Trial 4,T1,0.5,0.8,0.5,1,,,,,25-08-2023
09-11-2023,76,Kharif,Trial 4,T2,0,0,0,0,,,,,25-08-2023
09-11-2023,76,Kharif,Trial 4,T3,0,0,0,0,,,,,25-08-2023
09-11-2023,76,Kharif,Trial 4,T4,0,0,0,0,,,,,25-08-2023
09-11-2023,76,Kharif,Trial 4,T5,0,0,0,0,,,,,25-08-2023
13-11-2023,80,Kharif,Trial 4,T1,0,0,0,0,,,,,25-08-2023
13-11-2023,80,Kharif,Trial 4,T2,0,0,0,0,,,,,25-08-2023
13-11-2023,80,Kharif,Trial 4,T3,0,0,0,0,,,,,25-08-2023
13-11-2023,80,Kharif,Trial 4,T4,0,0,0,0,,,,,25-08-2023
13-11-2023,80,Kharif,Trial 4,T5,0,0,0,0,,,,,25-08-2023
16-11-2023,83,Kharif,Trial 4,T1,0,0,0,0,,,,,25-08-2023
16-11-2023,83,Kharif,Trial 4,T2,0,0,0,0,,,,,25-08-2023
16-11-2023,83,Kharif,Trial 4,T3,0,0,0,0,,,,,25-08-2023
16-11-2023,83,Kharif,Trial 4,T4,0,0,0,0,,,,,25-08-2023
16-11-2023,83,Kharif,Trial 4,T5,0,0,0,0,,,,,25-08-2023
25-09-2023,14,Kharif,Trial 5,T1,0,0,0,0,,,,,11-09-2023
25-09-2023,14,Kharif,Trial 5,T2,0,0,0,0,,,,,11-09-2023
25-09-2023,14,Kharif,Trial 5,T3,0,0,0,0,,,,,11-09-2023
25-09-2023,14,Kharif,Trial 5,T4,0,0,0,0,,,,,11-09-2023
25-09-2023,14,Kharif,Trial 5,T5,0,0,0,0,,,,,11-09-2023
29-09-2023,18,Kharif,Trial 5,T1,0,0,0.2,0,,,,,11-09-2023
29-09-2023,18,Kharif,Trial 5,T2,0.1,0.1,0.6,0,,,,,11-09-2023
29-09-2023,18,Kharif,Trial 5,T3,0.3,0.4,0.7,0,,,,,11-09-2023
29-09-2023,18,Kharif,Trial 5,T4,0.5,0.7,0.7,1,,,,,11-09-2023
29-09-2023,18,Kharif,Trial 5,T5,0.3,0.3,0.6,0,,,,,11-09-2023
03-10-2023,22,Kharif,Trial 5,T1,0.2,0.5,0.7,0,,,,,11-09-2023
03-10-2023,22,Kharif,Trial 5,T2,0.3,0.3,0.6,0,,,,,11-09-2023
03-10-2023,22,Kharif,Trial 5,T3,0.4,0.3,0.5,0,,,,,11-09-2023
03-10-2023,22,Kharif,Trial 5,T4,1,0.9,0.9,1,,,,,11-09-2023
03-10-2023,22,Kharif,Trial 5,T5,0.5,0.7,0.7,1,,,,,11-09-2023
05-10-2023,24,Kharif,Trial 5,T1,0,0,0.4,0,,,,,11-09-2023
05-10-2023,24,Kharif,Trial 5,T2,0.1,0.1,0.7,0,,,,,11-09-2023
05-10-2023,24,Kharif,Trial 5,T3,0,0,0.2,0,,,,,11-09-2023
05-10-2023,24,Kharif,Trial 5,T4,1.1,1.5,1.2,1,,,,,11-09-2023
05-10-2023,24,Kharif,Trial 5,T5,0.2,0.4,0.7,0,,,,,11-09-2023
09-10-2023,28,Kharif,Trial 5,T1,0,0,0.1,0,,,,,11-09-2023
09-10-2023,28,Kharif,Trial 5,T2,0,0,0.2,0,,,,,11-09-2023
09-10-2023,28,Kharif,Trial 5,T3,0,0,0.3,0,,,,,11-09-2023
09-10-2023,28,Kharif,Trial 5,T4,0,0,0.4,0,,,,,11-09-2023
09-10-2023,28,Kharif,Trial 5,T5,0,0,0.5,0,,,,,11-09-2023
12-10-2023,31,Kharif,Trial 5,T1,0.3,0.4,0.7,0,,,,,11-09-2023
12-10-2023,31,Kharif,Trial 5,T2,0.1,0.1,0.8,0,,,,,11-09-2023
12-10-2023,31,Kharif,Trial 5,T3,0,0,0.6,0,,,,,11-09-2023
12-10-2023,31,Kharif,Trial 5,T4,1.1,1.2,1.7,1,,,,,11-09-2023
12-10-2023,31,Kharif,Trial 5,T5,0.2,0.6,0.7,1,,,,,11-09-2023
16-10-2023,35,Kharif,Trial 5,T1,4,4.4,4.1,4,,,,,11-09-2023
16-10-2023,35,Kharif,Trial 5,T2,0.1,0.7,0.4,0,,,,,11-09-2023
16-10-2023,35,Kharif,Trial 5,T3,0.1,0.1,0.5,0,,,,,11-09-2023
16-10-2023,35,Kharif,Trial 5,T4,2.1,2.5,2.7,2,,,,,11-09-2023
16-10-2023,35,Kharif,Trial 5,T5,0.2,0.4,0.4,0,,,,,11-09-2023
19-10-2023,38,Kharif,Trial 5,T1,0,0,0,0,,,,,11-09-2023
19-10-2023,38,Kharif,Trial 5,T2,0,0,0,0,,,,,11-09-2023
19-10-2023,38,Kharif,Trial 5,T3,0,0,0,0,,,,,11-09-2023
19-10-2023,38,Kharif,Trial 5,T4,0,0,0,0,,,,,11-09-2023
19-10-2023,38,Kharif,Trial 5,T5,0,0,0,0,,,,,11-09-2023
23-10-2023,42,Kharif,Trial 5,T1,0,0,0,0,,,,,11-09-2023
23-10-2023,42,Kharif,Trial 5,T2,0,0,0,0,,,,,11-09-2023
23-10-2023,42,Kharif,Trial 5,T3,0,0,0,0,,,,,11-09-2023
23-10-2023,42,Kharif,Trial 5,T4,0,0,0,0,,,,,11-09-2023
23-10-2023,42,Kharif,Trial 5,T5,0,0,0,0,,,,,11-09-2023
26-10-2023,45,Kharif,Trial 5,T1,0,0,0,0,,,,,11-09-2023
26-10-2023,45,Kharif,Trial 5,T2,0,0,0,0,,,,,11-09-2023
26-10-2023,45,Kharif,Trial 5,T3,0,0,0,0,,,,,11-09-2023
26-10-2023,45,Kharif,Trial 5,T4,0,0,0,0,,,,,11-09-2023
26-10-2023,45,Kharif,Trial 5,T5,0,0,0,0,,,,,11-09-2023
30-10-2023,49,Kharif,Trial 5,T1,0,0,0,0,,,,,11-09-2023
30-10-2023,49,Kharif,Trial 5,T2,0,0,0,0,,,,,11-09-2023
30-10-2023,49,Kharif,Trial 5,T3,0,0,0,0,,,,,11-09-2023
30-10-2023,49,Kharif,Trial 5,T4,0,0,0,0,,,,,11-09-2023
30-10-2023,49,Kharif,Trial 5,T5,0,0,0,0,,,,,11-09-2023
02-11-2023,52,Kharif,Trial 5,T1,0,0,0,0,,,,,11-09-2023
02-11-2023,52,Kharif,Trial 5,T2,0,0,0,0,,,,,11-09-2023
02-11-2023,52,Kharif,Trial 5,T3,0,0,0,0,,,,,11-09-2023
02-11-2023,52,Kharif,Trial 5,T4,0,0,0,0,,,,,11-09-2023
02-11-2023,52,Kharif,Trial 5,T5,0,0,0,0,,,,,11-09-2023
06-11-2023,56,Kharif,Trial 5,T1,0.4,0.6,0.4,0,,,,,11-09-2023
06-11-2023,56,Kharif,Trial 5,T2,0,0,0.3,0,,,,,11-09-2023
06-11-2023,56,Kharif,Trial 5,T3,0.1,0.2,0.3,0,,,,,11-09-2023
06-11-2023,56,Kharif,Trial 5,T4,0,0,0.1,0,,,,,11-09-2023
06-11-2023,56,Kharif,Trial 5,T5,0,0.2,0.2,0,,,,,11-09-2023
09-11-2023,59,Kharif,Trial 5,T1,0.9,1.3,1.1,1,,,,,11-09-2023
09-11-2023,59,Kharif,Trial 5,T2,0.1,0.2,0.4,0,,,,,11-09-2023
09-11-2023,59,Kharif,Trial 5,T3,0,0,0.2,0,,,,,11-09-2023
09-11-2023,59,Kharif,Trial 5,T4,2.1,2.3,2.7,2,,,,,11-09-2023
09-11-2023,59,Kharif,Trial 5,T5,0.1,0.1,0.4,0,,,,,11-09-2023
13-11-2023,63,Kharif,Trial 5,T1,0,0,0,0,,,,,11-09-2023
13-11-2023,63,Kharif,Trial 5,T2,0,0,0,0,,,,,11-09-2023
13-11-2023,63,Kharif,Trial 5,T3,0,0,0,0,,,,,11-09-2023
13-11-2023,63,Kharif,Trial 5,T4,0,0,0,0,,,,,11-09-2023
13-11-2023,63,Kharif,Trial 5,T5,0,0,0,0,,,,,11-09-2023
16-11-2023,66,Kharif,Trial 5,T1,0.3,0.5,0.4,0,,,,,11-09-2023
16-11-2023,66,Kharif,Trial 5,T2,0,0,0.3,0,,,,,11-09-2023
16-11-2023,66,Kharif,Trial 5,T3,0,0,0.2,0,,,,,11-09-2023
16-11-2023,66,Kharif,Trial 5,T4,0.9,1.4,1.6,1,,,,,11-09-2023
16-11-2023,66,Kharif,Trial 5,T5,0,0,0.6,0,,,,,11-09-2023
20-11-2023,70,Kharif,Trial 5,T1,1.3,1.5,1.8,2,,,,,11-09-2023
20-11-2023,70,Kharif,Trial 5,T2,0,0,0.5,0,,,,,11-09-2023
20-11-2023,70,Kharif,Trial 5,T3,0,0,0.2,0,,,,,11-09-2023
20-11-2023,70,Kharif,Trial 5,T4,1.4,1.8,1.2,1,,,,,11-09-2023
20-11-2023,70,Kharif,Trial 5,T5,0.8,1,0.4,1,,,,,11-09-2023
23-11-2023,73,Kharif,Trial 5,T1,4.2,4.5,5.1,5,,,,,11-09-2023
23-11-2023,73,Kharif,Trial 5,T2,1,0.5,1.1,1,,,,,11-09-2023
23-11-2023,73,Kharif,Trial 5,T3,1.3,1.3,1.6,1,,,,,11-09-2023
23-11-2023,73,Kharif,Trial 5,T4,4.7,4.5,4.9,5,,,,,11-09-2023
23-11-2023,73,Kharif,Trial 5,T5,0,0,0.3,0,,,,,11-09-2023
28-11-2023,78,Kharif,Trial 5,T1,1.2,1.2,1.5,1,,,,,11-09-2023
28-11-2023,78,Kharif,Trial 5,T2,0,0,0.6,0,,,,,11-09-2023
28-11-2023,78,Kharif,Trial 5,T3,0,0,2.3,1,,,,,11-09-2023
28-11-2023,78,Kharif,Trial 5,T4,0.8,0.8,1.2,1,,,,,11-09-2023
28-11-2023,78,Kharif,Trial 5,T5,0,0,0.2,0,,,,,11-09-2023
30-11-2023,80,Kharif,Trial 5,T1,3.9,3.8,4.4,4,,,,,11-09-2023
30-11-2023,80,Kharif,Trial 5,T2,3.9,3.4,4.1,4,,,,,11-09-2023
30-11-2023,80,Kharif,Trial 5,T3,2.4,2.2,2.9,3,,,,,11-09-2023
30-11-2023,80,Kharif,Trial 5,T4,5.2,5.1,4.9,5,,,,,11-09-2023
30-11-2023,80,Kharif,Trial 5,T5,2.4,2.5,1.7,2,,,,,11-09-2023
04-12-2023,84,Kharif,Trial 5,T1,18.2,18.3,18.3,18,,,,,11-09-2023
04-12-2023,84,Kharif,Trial 5,T2,20.3,19.8,21.1,20,,,,,11-09-2023
04-12-2023,84,Kharif,Trial 5,T3,22.5,23.8,23.5,23,,,,,11-09-2023
04-12-2023,84,Kharif,Trial 5,T4,37.2,36.6,42,39,,,,,11-09-2023
04-12-2023,84,Kharif,Trial 5,T5,8.3,8.4,8.3,8,,,,,11-09-2023
16-10-2023,11,Late_karif,Trial 6,T1,0.1,0.7,0.3,0,,,,,05-10-2023
16-10-2023,11,Late_karif,Trial 6,T2,0,0,0.3,0,,,,,05-10-2023
16-10-2023,11,Late_karif,Trial 6,T3,0,0,0.9,0,,,,,05-10-2023
16-10-2023,11,Late_karif,Trial 6,T4,0,0,0.2,0,,,,,05-10-2023
16-10-2023,11,Late_karif,Trial 6,T5,0,0,0.3,0,,,,,05-10-2023
19-10-2023,14,Late_karif,Trial 6,T1,0,0,0,0,,,,,05-10-2023
19-10-2023,14,Late_karif,Trial 6,T2,0,0,0,0,,,,,05-10-2023
19-10-2023,14,Late_karif,Trial 6,T3,0,0,0,0,,,,,05-10-2023
19-10-2023,14,Late_karif,Trial 6,T4,0,0,0,0,,,,,05-10-2023
19-10-2023,14,Late_karif,Trial 6,T5,0,0,0,0,,,,,05-10-2023
23-10-2023,18,Late_karif,Trial 6,T1,0,0,0,0,,,,,05-10-2023
23-10-2023,18,Late_karif,Trial 6,T2,0,0,0,0,,,,,05-10-2023
23-10-2023,18,Late_karif,Trial 6,T3,0,0,0,0,,,,,05-10-2023
23-10-2023,18,Late_karif,Trial 6,T4,0,0,0,0,,,,,05-10-2023
23-10-2023,18,Late_karif,Trial 6,T5,0,0,0,0,,,,,05-10-2023
26-10-2023,21,Late_karif,Trial 6,T1,0,0,0,0,,,,,05-10-2023
26-10-2023,21,Late_karif,Trial 6,T2,0,0,0,0,,,,,05-10-2023
26-10-2023,21,Late_karif,Trial 6,T3,0,0,0,0,,,,,05-10-2023
26-10-2023,21,Late_karif,Trial 6,T4,0,0,0,0,,,,,05-10-2023
26-10-2023,21,Late_karif,Trial 6,T5,0,0,0,0,,,,,05-10-2023
30-10-2023,25,Late_karif,Trial 6,T1,0,0,0,0,,,,,05-10-2023
30-10-2023,25,Late_karif,Trial 6,T2,0,0,0,0,,,,,05-10-2023
30-10-2023,25,Late_karif,Trial 6,T3,0,0,0,0,,,,,05-10-2023
30-10-2023,25,Late_karif,Trial 6,T4,0,0,0,0,,,,,05-10-2023
30-10-2023,25,Late_karif,Trial 6,T5,0,0,0,0,,,,,05-10-2023
02-11-2023,28,Late_karif,Trial 6,T1,0,0,0,0,,,,,05-10-2023
02-11-2023,28,Late_karif,Trial 6,T2,0,0,0,0,,,,,05-10-2023
02-11-2023,28,Late_karif,Trial 6,T3,0,0,0,0,,,,,05-10-2023
02-11-2023,28,Late_karif,Trial 6,T4,0,0,0,0,,,,,05-10-2023
02-11-2023,28,Late_karif,Trial 6,T5,0,0,0,0,,,,,05-10-2023
06-11-2023,32,Late_karif,Trial 6,T1,0,0,0,0,,,,,05-10-2023
06-11-2023,32,Late_karif,Trial 6,T2,0,0,0,0,,,,,05-10-2023
06-11-2023,32,Late_karif,Trial 6,T3,0,0,0,0,,,,,05-10-2023
06-11-2023,32,Late_karif,Trial 6,T4,0,0,0,0,,,,,05-10-2023
06-11-2023,32,Late_karif,Trial 6,T5,0,0,0,0,,,,,05-10-2023
09-11-2023,35,Late_karif,Trial 6,T1,1.1,1.6,1.4,1,,,,,05-10-2023
09-11-2023,35,Late_karif,Trial 6,T2,0,0,0.6,0,,,,,05-10-2023
09-11-2023,35,Late_karif,Trial 6,T3,0,0,0.2,0,,,,,05-10-2023
09-11-2023,35,Late_karif,Trial 6,T4,2.1,3,2.3,2,,,,,05-10-2023
09-11-2023,35,Late_karif,Trial 6,T5,0,0,0.3,0,,,,,05-10-2023
13-11-2023,39,Late_karif,Trial 6,T1,0,0,0.2,0,,,,,05-10-2023
13-11-2023,39,Late_karif,Trial 6,T2,0,0,0.2,0,,,,,05-10-2023
13-11-2023,39,Late_karif,Trial 6,T3,0,0,0.4,0,,,,,05-10-2023
13-11-2023,39,Late_karif,Trial 6,T4,1.8,3.2,2.7,3,,,,,05-10-2023
13-11-2023,39,Late_karif,Trial 6,T5,0,0,0.3,0,,,,,05-10-2023
16-11-2023,42,Late_karif,Trial 6,T1,0,0,0,0,,,,,05-10-2023
16-11-2023,42,Late_karif,Trial 6,T2,0,0,0,0,,,,,05-10-2023
16-11-2023,42,Late_karif,Trial 6,T3,0,0,0,0,,,,,05-10-2023
16-11-2023,42,Late_karif,Trial 6,T4,0,0.8,0,0,,,,,05-10-2023
16-11-2023,42,Late_karif,Trial 6,T5,0,0,0,0,,,,,05-10-2023
20-11-2023,46,Late_karif,Trial 6,T1,0.5,0.5,0.8,1,,,,,05-10-2023
20-11-2023,46,Late_karif,Trial 6,T2,0,0,0.3,0,,,,,05-10-2023
20-11-2023,46,Late_karif,Trial 6,T3,0,0,0.3,0,,,,,05-10-2023
20-11-2023,46,Late_karif,Trial 6,T4,0.8,2,1.6,1,,,,,05-10-2023
20-11-2023,46,Late_karif,Trial 6,T5,0,0,0,0,,,,,05-10-2023
23-11-2023,49,Late_karif,Trial 6,T1,2.5,2.6,2.3,2,,,,,05-10-2023
23-11-2023,49,Late_karif,Trial 6,T2,0.3,0.3,0.9,1,,,,,05-10-2023
23-11-2023,49,Late_karif,Trial 6,T3,1.1,1.6,1.4,1,,,,,05-10-2023
23-11-2023,49,Late_karif,Trial 6,T4,1.3,1.8,2.1,2,,,,,05-10-2023
23-11-2023,49,Late_karif,Trial 6,T5,0.6,0.9,1,1,,,,,05-10-2023
28-11-2023,54,Late_karif,Trial 6,T1,0.8,1,1,1,,,,,05-10-2023
28-11-2023,54,Late_karif,Trial 6,T2,0,0,0.5,0,,,,,05-10-2023
28-11-2023,54,Late_karif,Trial 6,T3,0.2,0.5,0.5,0,,,,,05-10-2023
28-11-2023,54,Late_karif,Trial 6,T4,1.2,1.4,2.5,2,,,,,05-10-2023
28-11-2023,54,Late_karif,Trial 6,T5,0.3,1,0.6,1,,,,,05-10-2023
30-11-2023,56,Late_karif,Trial 6,T1,7.5,7.4,7.7,8,,,,,05-10-2023
30-11-2023,56,Late_karif,Trial 6,T2,4,3.5,4.1,4,,,,,05-10-2023
30-11-2023,56,Late_karif,Trial 6,T3,2.7,3.1,2.6,3,,,,,05-10-2023
30-11-2023,56,Late_karif,Trial 6,T4,5.8,6,6.1,6,,,,,05-10-2023
30-11-2023,56,Late_karif,Trial 6,T5,2,2.3,2.1,2,,,,,05-10-2023
04-12-2023,60,Late_karif,Trial 6,T1,21,22,23.5,22,,,,,05-10-2023
04-12-2023,60,Late_karif,Trial 6,T2,11.2,10.8,11.4,11,,,,,05-10-2023
04-12-2023,60,Late_karif,Trial 6,T3,16.2,18.1,16.6,17,,,,,05-10-2023
04-12-2023,60,Late_karif,Trial 6,T4,39.9,35.4,39.7,38,,,,,05-10-2023
04-12-2023,60,Late_karif,Trial 6,T5,9.8,10,10.1,10,,,,,05-10-2023
26-10-2023,6,Late_karif,Trial 7,T1,0,0,0,0,,,,,20-10-2023
26-10-2023,6,Late_karif,Trial 7,T2,0,0,0,0,,,,,20-10-2023
26-10-2023,6,Late_karif,Trial 7,T3,0,0,0,0,,,,,20-10-2023
26-10-2023,6,Late_karif,Trial 7,T4,0,0,0,0,,,,,20-10-2023
26-10-2023,6,Late_karif,Trial 7,T5,0,0,0,0,,,,,20-10-2023
30-10-2023,10,Late_karif,Trial 7,T1,0,0,0,0,,,,,20-10-2023
30-10-2023,10,Late_karif,Trial 7,T2,0,0,0,0,,,,,20-10-2023
30-10-2023,10,Late_karif,Trial 7,T3,0,0,0,0,,,,,20-10-2023
30-10-2023,10,Late_karif,Trial 7,T4,0,0,0,0,,,,,20-10-2023
30-10-2023,10,Late_karif,Trial 7,T5,0,0,0,0,,,,,20-10-2023
02-11-2023,13,Late_karif,Trial 7,T1,0,0,0,0,,,,,20-10-2023
02-11-2023,13,Late_karif,Trial 7,T2,0,0,0,0,,,,,20-10-2023
02-11-2023,13,Late_karif,Trial 7,T3,0,0,0,0,,,,,20-10-2023
02-11-2023,13,Late_karif,Trial 7,T4,0,0,0,0,,,,,20-10-2023
02-11-2023,13,Late_karif,Trial 7,T5,0,0,0,0,,,,,20-10-2023
06-11-2023,17,Late_karif,Trial 7,T1,0,0,0,0,,,,,20-10-2023
06-11-2023,17,Late_karif,Trial 7,T2,0,0,0,0,,,,,20-10-2023
06-11-2023,17,Late_karif,Trial 7,T3,0,0,0,0,,,,,20-10-2023
06-11-2023,17,Late_karif,Trial 7,T4,0,0,0,0,,,,,20-10-2023
06-11-2023,17,Late_karif,Trial 7,T5,0,0,0,0,,,,,20-10-2023
09-11-2023,20,Late_karif,Trial 7,T1,0,0,0,0,,,,,20-10-2023
09-11-2023,20,Late_karif,Trial 7,T2,0,0,0,0,,,,,20-10-2023
09-11-2023,20,Late_karif,Trial 7,T3,0,0,0,0,,,,,20-10-2023
09-11-2023,20,Late_karif,Trial 7,T4,0,0,0.5,0,,,,,20-10-2023
09-11-2023,20,Late_karif,Trial 7,T5,0,0,0.6,0,,,,,20-10-2023
13-11-2023,24,Late_karif,Trial 7,T1,0,0,0,0,,,,,20-10-2023
13-11-2023,24,Late_karif,Trial 7,T2,0,0,0,0,,,,,20-10-2023
13-11-2023,24,Late_karif,Trial 7,T3,0,0,0,0,,,,,20-10-2023
13-11-2023,24,Late_karif,Trial 7,T4,0.8,2.3,1.3,1,,,,,20-10-2023
13-11-2023,24,Late_karif,Trial 7,T5,0,0,0,0,,,,,20-10-2023
16-11-2023,27,Late_karif,Trial 7,T1,0.8,1,1,1,,,,,20-10-2023
16-11-2023,27,Late_karif,Trial 7,T2,0.5,0.5,1,1,,,,,20-10-2023
16-11-2023,27,Late_karif,Trial 7,T3,0.9,1.2,1.1,1,,,,,20-10-2023
16-11-2023,27,Late_karif,Trial 7,T4,2.7,2.9,3.4,3,,,,,20-10-2023
16-11-2023,27,Late_karif,Trial 7,T5,1.2,1.5,1.5,1,,,,,20-10-2023
20-11-2023,31,Late_karif,Trial 7,T1,0.5,0.7,0.6,1,,,,,20-10-2023
20-11-2023,31,Late_karif,Trial 7,T2,0.3,0.6,0.5,0,,,,,20-10-2023
20-11-2023,31,Late_karif,Trial 7,T3,0.3,0.3,0.4,0,,,,,20-10-2023
20-11-2023,31,Late_karif,Trial 7,T4,1.1,1.6,1.3,1,,,,,20-10-2023
20-11-2023,31,Late_karif,Trial 7,T5,0,0,0,0,,,,,20-10-2023
23-11-2023,34,Late_karif,Trial 7,T1,1.4,1.6,1.6,2,,,,,20-10-2023
23-11-2023,34,Late_karif,Trial 7,T2,0.6,0.8,0.8,1,,,,,20-10-2023
23-11-2023,34,Late_karif,Trial 7,T3,0.6,0.6,0.5,1,,,,,20-10-2023
23-11-2023,34,Late_karif,Trial 7,T4,2.2,1.9,3,2,,,,,20-10-2023
23-11-2023,34,Late_karif,Trial 7,T5,1.4,1.6,1.5,2,,,,,20-10-2023
28-11-2023,39,Late_karif,Trial 7,T1,0.8,1,1.1,1,,,,,20-10-2023
28-11-2023,39,Late_karif,Trial 7,T2,0.3,0.3,0.6,0,,,,,20-10-2023
28-11-2023,39,Late_karif,Trial 7,T3,0.3,0.3,0.5,0,,,,,20-10-2023
28-11-2023,39,Late_karif,Trial 7,T4,0.6,0.8,1.7,1,,,,,20-10-2023
28-11-2023,39,Late_karif,Trial 7,T5,0.8,0.9,1.1,1,,,,,20-10-2023
30-11-2023,41,Late_karif,Trial 7,T1,4.1,4,4.3,4,,,,,20-10-2023
30-11-2023,41,Late_karif,Trial 7,T2,2.3,3,3.3,3,,,,,20-10-2023
30-11-2023,41,Late_karif,Trial 7,T3,3.4,4.2,3.6,4,,,,,20-10-2023
30-11-2023,41,Late_karif,Trial 7,T4,7,7,7.2,7,,,,,20-10-2023
30-11-2023,41,Late_karif,Trial 7,T5,4.1,4,4.4,4,,,,,20-10-2023
04-12-2023,45,Late_karif,Trial 7,T1,38.8,39.5,40.8,40,,,,,20-10-2023
04-12-2023,45,Late_karif,Trial 7,T2,6.6,6.5,6.9,7,,,,,20-10-2023
04-12-2023,45,Late_karif,Trial 7,T3,7.5,8.7,7.9,8,,,,,20-10-2023
04-12-2023,45,Late_karif,Trial 7,T4,30.5,30.9,31.1,31,,,,,20-10-2023
04-12-2023,45,Late_karif,Trial 7,T5,3.3,3.5,3.5,3,,,20-10-2023,,20-10-2023
04-12-2023,12,Rabi,Trial 8,T1,0,2.6,3.4,2,,,22-11-2023,,22-11-2023
04-12-2023,12,Rabi,Trial 8,T2,0.4,2.2,2.4,2,,,,,22-11-2023
04-12-2023,12,Rabi,Trial 8,T3,0.8,1.4,2,1,,,,,22-11-2023
04-12-2023,12,Rabi,Trial 8,T4,1,2.8,7.2,4,,,,,22-11-2023
04-12-2023,12,Rabi,Trial 8,T5,0.2,0.2,2,1,,,,,22-11-2023
06-12-2023,14,Rabi,Trial 8,T1,2.6,3.8,11,6,,,,,22-11-2023
06-12-2023,14,Rabi,Trial 8,T2,2.2,1.8,14.6,6,,,,,22-11-2023
06-12-2023,14,Rabi,Trial 8,T3,1.4,2.2,22,9,,,,,22-11-2023
06-12-2023,14,Rabi,Trial 8,T4,2.8,30,36.6,23,,,,,22-11-2023
06-12-2023,14,Rabi,Trial 8,T5,0.2,12.2,4.6,6,,,,,22-11-2023
11-12-2023,19,Rabi,Trial 8,T1,3.4,20.2,26.2,17,,,,,22-11-2023
11-12-2023,19,Rabi,Trial 8,T2,2.4,14,1.8,6,,,,,22-11-2023
11-12-2023,19,Rabi,Trial 8,T3,2,7.2,5.2,5,,,,,22-11-2023
11-12-2023,19,Rabi,Trial 8,T4,7.2,43.8,54,35,,,,,22-11-2023
11-12-2023,19,Rabi,Trial 8,T5,2,14.8,2,6,,,,,22-11-2023
14-12-2023,22,Rabi,Trial 8,T1,29.8,26.4,22,26,,,,,22-11-2023
14-12-2023,22,Rabi,Trial 8,T2,0.2,0.6,0.8,1,,,,,22-11-2023
14-12-2023,22,Rabi,Trial 8,T3,0.8,1.2,1.4,1,,,,,22-11-2023
14-12-2023,22,Rabi,Trial 8,T4,32.8,34.6,34.2,34,,,,,22-11-2023
14-12-2023,22,Rabi,Trial 8,T5,0.4,0.8,1,1,,,,,22-11-2023
18-12-2023,26,Rabi,Trial 8,T1,18,18,22,19,,,,,22-11-2023
18-12-2023,26,Rabi,Trial 8,T2,12.2,0.8,0.8,5,,,,,22-11-2023
18-12-2023,26,Rabi,Trial 8,T3,5.4,1.4,1.4,3,,,,,22-11-2023
18-12-2023,26,Rabi,Trial 8,T4,32.4,27.2,34.2,31,,,,,22-11-2023
18-12-2023,26,Rabi,Trial 8,T5,10.8,1,1,4,,,,,22-11-2023
22-12-2023,30,Rabi,Trial 8,T1,11,12.8,11,12,,,,,22-11-2023
22-12-2023,30,Rabi,Trial 8,T2,14.6,16.8,15.2,16,,,,,22-11-2023
22-12-2023,30,Rabi,Trial 8,T3,22.6,20.8,18.2,21,,,,,22-11-2023
22-12-2023,30,Rabi,Trial 8,T4,36.6,33.6,29.8,33,,,,,22-11-2023
22-12-2023,30,Rabi,Trial 8,T5,4.6,4.6,4.4,5,,,,,22-11-2023
26-12-2023,34,Rabi,Trial 8,T1,18.2,17.2,17.2,18,,,,,22-11-2023
26-12-2023,34,Rabi,Trial 8,T2,17.4,15.8,20.8,18,,,,,22-11-2023
26-12-2023,34,Rabi,Trial 8,T3,5.2,3.8,3.8,4,,,,,22-11-2023
26-12-2023,34,Rabi,Trial 8,T4,25,24.4,25.6,25,,,,,22-11-2023
26-12-2023,34,Rabi,Trial 8,T5,12.6,12.6,12.6,13,,,,,22-11-2023
01-01-2024,40,Rabi,Trial 8,T1,21.6,18.6,17.2,19,,,,,22-11-2023
01-01-2024,40,Rabi,Trial 8,T2,22.4,12.2,20.8,18,,,,,22-11-2023
01-01-2024,40,Rabi,Trial 8,T3,5.6,6.2,3.8,5,,,,,22-11-2023
01-01-2024,40,Rabi,Trial 8,T4,25.6,24.6,25.6,25,,,,,22-11-2023
01-01-2024,40,Rabi,Trial 8,T5,13,12.8,12.6,13,,,,,22-11-2023
04-01-2024,43,Rabi,Trial 8,T1,33.2,18.6,17.2,23,,,,,22-11-2023
04-01-2024,43,Rabi,Trial 8,T2,25,12.2,20.8,19,,,,,22-11-2023
04-01-2024,43,Rabi,Trial 8,T3,5.6,6.2,3.8,5,,,,,22-11-2023
04-01-2024,43,Rabi,Trial 8,T4,25.6,24.6,25.6,25,,,,,22-11-2023
04-01-2024,43,Rabi,Trial 8,T5,13,12.8,12.6,13,,,,,22-11-2023
08-01-2024,47,Rabi,Trial 8,T1,29.8,37.4,17.2,28,,,,,22-11-2023
08-01-2024,47,Rabi,Trial 8,T2,0.2,1.4,20.8,7,,,,,22-11-2023
08-01-2024,47,Rabi,Trial 8,T3,0.8,1,3.8,2,,,,,22-11-2023
08-01-2024,47,Rabi,Trial 8,T4,32.8,33.8,25.6,31,,,,,22-11-2023
08-01-2024,47,Rabi,Trial 8,T5,0.4,1,12.6,5,,,,,22-11-2023
11-01-2024,50,Rabi,Trial 8,T1,15,19,18.4,17,,,,,22-11-2023
11-01-2024,50,Rabi,Trial 8,T2,3.8,3.6,1.6,3,,,,,22-11-2023
11-01-2024,50,Rabi,Trial 8,T3,1.8,1.4,1.6,2,,,,,22-11-2023
11-01-2024,50,Rabi,Trial 8,T4,25.8,25.8,22.8,25,,,,,22-11-2023
11-01-2024,50,Rabi,Trial 8,T5,2,2,2.8,2,,,,,22-11-2023
15-01-2024,54,Rabi,Trial 8,T1,35.2,38.2,30.6,35,,,,,22-11-2023
15-01-2024,54,Rabi,Trial 8,T2,12.2,10.8,11.6,12,,,,,22-11-2023
15-01-2024,54,Rabi,Trial 8,T3,8.4,8.8,9,9,,,,,22-11-2023
15-01-2024,54,Rabi,Trial 8,T4,42.6,40.2,35,39,,,,,22-11-2023
15-01-2024,54,Rabi,Trial 8,T5,4.6,4.6,4.2,4,,,,,22-11-2023
18-01-2024,57,Rabi,Trial 8,T1,32.6,35.2,30.6,33,,,,,22-11-2023
18-01-2024,57,Rabi,Trial 8,T2,8.4,7.8,11.6,9,,,,,22-11-2023
18-01-2024,57,Rabi,Trial 8,T3,6.8,6.6,9,7,,,,,22-11-2023
18-01-2024,57,Rabi,Trial 8,T4,48,48,35,44,,,,,22-11-2023
18-01-2024,57,Rabi,Trial 8,T5,4.2,4.4,4.2,4,,,,,22-11-2023
23-01-2024,62,Rabi,Trial 8,T1,24.4,25.6,35.2,28,,,,,22-11-2023
23-01-2024,62,Rabi,Trial 8,T2,3,3,11.6,6,,,,,22-11-2023
23-01-2024,62,Rabi,Trial 8,T3,1.8,2.2,9.4,4,,,,,22-11-2023
23-01-2024,62,Rabi,Trial 8,T4,21.2,18.2,38,26,,,,,22-11-2023
23-01-2024,62,Rabi,Trial 8,T5,1.4,1.6,4.2,2,,,,,22-11-2023
25-01-2024,64,Rabi,Trial 8,T1,14.6,17.2,15.2,16,,,,,22-11-2023
25-01-2024,64,Rabi,Trial 8,T2,1,1.6,1.6,1,,,,,22-11-2023
25-01-2024,64,Rabi,Trial 8,T3,1.2,1.4,1.8,1,,,,,22-11-2023
25-01-2024,64,Rabi,Trial 8,T4,28.8,33.4,29.8,31,,,,,22-11-2023
25-01-2024,64,Rabi,Trial 8,T5,1,1.4,1.2,1,,,,,22-11-2023
26-12-2023,11,Rabi,Trial 9,T1,0.2,0,0.4,0,,,,,15-12-2023
26-12-2023,11,Rabi,Trial 9,T2,0,0,0,0,,,,,15-12-2023
26-12-2023,11,Rabi,Trial 9,T3,0.2,0,0,0,,,,,15-12-2023
26-12-2023,11,Rabi,Trial 9,T4,0,0,0,0,,,,,15-12-2023
26-12-2023,11,Rabi,Trial 9,T5,0,0,0,0,,,,,15-12-2023
01-01-2024,17,Rabi,Trial 9,T1,4.6,6.4,6.6,6,,,,,15-12-2023
01-01-2024,17,Rabi,Trial 9,T2,7.2,6.4,6,7,,,,,15-12-2023
01-01-2024,17,Rabi,Trial 9,T3,8.8,5.8,7.4,7,,,,,15-12-2023
01-01-2024,17,Rabi,Trial 9,T4,10,6.6,9.8,9,,,,,15-12-2023
01-01-2024,17,Rabi,Trial 9,T5,7.8,7.2,7.6,8,,,,,15-12-2023
04-01-2024,20,Rabi,Trial 9,T1,17,14.4,14.6,15,,,,,15-12-2023
04-01-2024,20,Rabi,Trial 9,T2,3.2,2,2.6,3,,,,,15-12-2023
04-01-2024,20,Rabi,Trial 9,T3,5.6,5.8,7.2,6,,,,,15-12-2023
04-01-2024,20,Rabi,Trial 9,T4,23,20.6,20.8,21,,,,,15-12-2023
04-01-2024,20,Rabi,Trial 9,T5,0.8,1,0.8,1,,,,,15-12-2023
08-01-2024,24,Rabi,Trial 9,T1,25.6,21.8,31.2,26,,,,,15-12-2023
08-01-2024,24,Rabi,Trial 9,T2,8.4,12.4,11.8,11,,,,,15-12-2023
08-01-2024,24,Rabi,Trial 9,T3,8.6,14.4,10.4,11,,,,,15-12-2023
08-01-2024,24,Rabi,Trial 9,T4,28.2,24.6,21.8,25,,,,,15-12-2023
08-01-2024,24,Rabi,Trial 9,T5,14.6,13.2,13.8,14,,,,,15-12-2023
11-01-2024,27,Rabi,Trial 9,T1,2.6,2.6,2.8,3,,,,,15-12-2023
11-01-2024,27,Rabi,Trial 9,T2,7.4,6.2,5.2,6,,,,,15-12-2023
11-01-2024,27,Rabi,Trial 9,T3,2.4,2.8,2.6,3,,,,,15-12-2023
11-01-2024,27,Rabi,Trial 9,T4,46.4,52,45,48,,,,,15-12-2023
11-01-2024,27,Rabi,Trial 9,T5,1.6,2,1.2,2,,,,,15-12-2023
15-01-2024,31,Rabi,Trial 9,T1,35.6,39.2,26.4,34,,,,,15-12-2023
15-01-2024,31,Rabi,Trial 9,T2,0.6,1.4,1,1,,,,,15-12-2023
15-01-2024,31,Rabi,Trial 9,T3,9.6,5.6,8.2,8,,,,,15-12-2023
15-01-2024,31,Rabi,Trial 9,T4,38.2,25.2,33.8,32,,,,,15-12-2023
15-01-2024,31,Rabi,Trial 9,T5,10.4,8.6,8.4,9,,,,,15-12-2023
18-01-2024,34,Rabi,Trial 9,T1,20.6,21.8,18.2,20,,,,,15-12-2023
18-01-2024,34,Rabi,Trial 9,T2,2,2,1.4,2,,,,,15-12-2023
18-01-2024,34,Rabi,Trial 9,T3,3.4,4.4,3.2,4,,,,,15-12-2023
18-01-2024,34,Rabi,Trial 9,T4,24.6,22.8,19,22,,,,,15-12-2023
18-01-2024,34,Rabi,Trial 9,T5,9,8.4,8.2,9,,,,,15-12-2023
23-01-2024,39,Rabi,Trial 9,T1,6.2,6.2,6,6,,,,,15-12-2023
23-01-2024,39,Rabi,Trial 9,T2,1.2,1.2,1.4,1,,,,,15-12-2023
23-01-2024,39,Rabi,Trial 9,T3,1,0,0.2,0,,,,,15-12-2023
23-01-2024,39,Rabi,Trial 9,T4,2.2,2.2,2.6,2,,,,,15-12-2023
23-01-2024,39,Rabi,Trial 9,T5,0.4,0.4,1,1,,,,,15-12-2023
25-01-2024,41,Rabi,Trial 9,T1,4.2,3.6,5.2,4,,,,,15-12-2023
25-01-2024,41,Rabi,Trial 9,T2,1.4,1,1,1,,,,,15-12-2023
25-01-2024,41,Rabi,Trial 9,T3,1.4,1,1.2,1,,,,,15-12-2023
25-01-2024,41,Rabi,Trial 9,T4,1.8,1.6,1,1,,,,,15-12-2023
25-01-2024,41,Rabi,Trial 9,T5,0.8,0.4,0.8,1,,,,,15-12-2023
29-01-2024,45,Rabi,Trial 9,T1,8.8,10.2,10,10,,,,,15-12-2023
29-01-2024,45,Rabi,Trial 9,T2,3.8,2.8,3.8,3,,,,,15-12-2023
29-01-2024,45,Rabi,Trial 9,T3,4.6,3,4.6,4,,,,,15-12-2023
29-01-2024,45,Rabi,Trial 9,T4,1.6,1.4,1.6,2,,,,,15-12-2023
29-01-2024,45,Rabi,Trial 9,T5,2.6,2.6,2.6,3,,,,,15-12-2023
01-02-2024,48,Rabi,Trial 9,T1,30.2,20,11.4,21,,,,,15-12-2023
01-02-2024,48,Rabi,Trial 9,T2,0.2,2.6,3,2,,,,,15-12-2023
01-02-2024,48,Rabi,Trial 9,T3,0.6,1.2,1,1,,,,,15-12-2023
01-02-2024,48,Rabi,Trial 9,T4,0.6,2.4,1.4,1,,,,,15-12-2023
01-02-2024,48,Rabi,Trial 9,T5,0,0,2.2,1,,,,,15-12-2023
05-02-2024,52,Rabi,Trial 9,T1,6.4,1.8,7,5,,,,,15-12-2023
05-02-2024,52,Rabi,Trial 9,T2,1,0.2,0.6,1,,,,,15-12-2023
05-02-2024,52,Rabi,Trial 9,T3,1,0.2,0.2,0,,,,,15-12-2023
05-02-2024,52,Rabi,Trial 9,T4,1,7.6,7.8,5,,,,,15-12-2023
05-02-2024,52,Rabi,Trial 9,T5,0.8,0.2,0.6,1,,,,,15-12-2023
08-02-2024,55,Rabi,Trial 9,T1,4.6,1.4,2.2,3,,,,,15-12-2023
08-02-2024,55,Rabi,Trial 9,T2,0.2,1.6,3,2,,,,,15-12-2023
08-02-2024,55,Rabi,Trial 9,T3,0.8,2,0.4,1,,,,,15-12-2023
08-02-2024,55,Rabi,Trial 9,T4,4.6,5.6,4.4,5,,,,,15-12-2023
08-02-2024,55,Rabi,Trial 9,T5,0,1.2,3.6,2,,,,,15-12-2023
12-02-2024,59,Rabi,Trial 9,T1,0.8,1.8,1.6,1,,,,,15-12-2023
12-02-2024,59,Rabi,Trial 9,T2,0.8,5,2,3,,,,,15-12-2023
12-02-2024,59,Rabi,Trial 9,T3,1.2,2,2,2,,,,,15-12-2023
12-02-2024,59,Rabi,Trial 9,T4,2,4.4,2.4,3,,,,,15-12-2023
12-02-2024,59,Rabi,Trial 9,T5,0.6,1,2.4,1,,,,,15-12-2023
15-02-2024,62,Rabi,Trial 9,T1,6.6,2.8,5,5,,,,,15-12-2023
15-02-2024,62,Rabi,Trial 9,T2,0.8,0.8,0.8,1,,,,,15-12-2023
15-02-2024,62,Rabi,Trial 9,T3,0.6,0.4,0.8,1,,,,,15-12-2023
15-02-2024,62,Rabi,Trial 9,T4,6.2,3.8,6.6,6,,,,,15-12-2023
15-02-2024,62,Rabi,Trial 9,T5,0.6,0.8,0.4,1,,,,,15-12-2023
19-02-2024,66,Rabi,Trial 9,T1,3.6,0.6,0.4,2,,,,,15-12-2023
19-02-2024,66,Rabi,Trial 9,T2,1.6,0.2,0.6,1,,,,,15-12-2023
19-02-2024,66,Rabi,Trial 9,T3,0.6,0.6,1.8,1,,,,,15-12-2023
19-02-2024,66,Rabi,Trial 9,T4,1.4,1.4,1.2,1,,,,,15-12-2023
19-02-2024,66,Rabi,Trial 9,T5,0.4,0.6,0.2,0,,,,,15-12-2023
22-02-2024,69,Rabi,Trial 9,T1,5,1,2.2,3,,,,,15-12-2023
22-02-2024,69,Rabi,Trial 9,T2,2,1.6,1.6,2,,,,,15-12-2023
22-02-2024,69,Rabi,Trial 9,T3,2,2,2,2,,,,,15-12-2023
22-02-2024,69,Rabi,Trial 9,T4,5,3.6,3,4,,,,,15-12-2023
22-02-2024,69,Rabi,Trial 9,T5,1,0.2,0.4,1,,,,,15-12-2023
26-02-2024,73,Rabi,Trial 9,T1,0,0,0,0,,,,,15-12-2023
26-02-2024,73,Rabi,Trial 9,T2,0,0,0,0,,,,,15-12-2023
26-02-2024,73,Rabi,Trial 9,T3,0.4,0,0,0,,,,,15-12-2023
26-02-2024,73,Rabi,Trial 9,T4,0.2,0.8,0.4,0,,,,,15-12-2023
26-02-2024,73,Rabi,Trial 9,T5,0,0,0,0,,,,,15-12-2023
29-02-2024,76,Rabi,Trial 9,T1,1.4,1.4,1.2,1,,,,,15-12-2023
29-02-2024,76,Rabi,Trial 9,T2,2,1.6,2.2,2,,,,,15-12-2023
29-02-2024,76,Rabi,Trial 9,T3,0.4,0.4,0.6,0,,,,,15-12-2023
29-02-2024,76,Rabi,Trial 9,T4,0.6,0.6,1.2,1,,,,,15-12-2023
29-02-2024,76,Rabi,Trial 9,T5,0.6,0.6,1.2,1,,,,,15-12-2023
04-03-2024,80,Rabi,Trial 9,T1,1,1.6,0.6,1,,,,,15-12-2023
04-03-2024,80,Rabi,Trial 9,T2,0.2,0,0.8,0,,,,,15-12-2023
04-03-2024,80,Rabi,Trial 9,T3,0.2,0,0.4,0,,,,,15-12-2023
04-03-2024,80,Rabi,Trial 9,T4,2,0.4,0.8,1,,,,,15-12-2023
04-03-2024,80,Rabi,Trial 9,T5,0.6,1.4,0.4,1,,,,,15-12-2023
07-03-2024,83,Rabi,Trial 9,T1,0.6,0,1,1,,,,,15-12-2023
07-03-2024,83,Rabi,Trial 9,T2,0,0,0,0,,,,,15-12-2023
07-03-2024,83,Rabi,Trial 9,T3,0,0.2,0.4,0,,,,,15-12-2023
07-03-2024,83,Rabi,Trial 9,T4,1.2,1.6,1.6,1,,,,,15-12-2023
07-03-2024,83,Rabi,Trial 9,T5,0.2,0,0.2,0,,,15-12-2023,,15-12-2023
01-02-2024,31,Rabi,Trial 10,T1,19.6,21.4,18.8,20,,,01-01-2024,,01-01-2024
01-02-2024,31,Rabi,Trial 10,T2,1.2,6.8,3.4,4,,,,,01-01-2024
01-02-2024,31,Rabi,Trial 10,T3,4.2,5.6,7.4,6,,,,,01-01-2024
01-02-2024,31,Rabi,Trial 10,T4,2.6,2.4,2.8,3,,,,,01-01-2024
01-02-2024,31,Rabi,Trial 10,T5,12.2,6.8,15.4,11,,,,,01-01-2024
05-02-2024,35,Rabi,Trial 10,T1,4.8,15.2,5.6,9,,,,,01-01-2024
05-02-2024,35,Rabi,Trial 10,T2,0,0.8,0.6,0,,,,,01-01-2024
05-02-2024,35,Rabi,Trial 10,T3,0,0.2,1.2,0,,,,,01-01-2024
05-02-2024,35,Rabi,Trial 10,T4,1,3.4,3.4,3,,,,,01-01-2024
05-02-2024,35,Rabi,Trial 10,T5,2,1.8,0.8,2,,,,,01-01-2024
08-02-2024,38,Rabi,Trial 10,T1,4,5.6,2,4,,,,,01-01-2024
08-02-2024,38,Rabi,Trial 10,T2,0,1.4,1.6,1,,,,,01-01-2024
08-02-2024,38,Rabi,Trial 10,T3,0,0,1,0,,,,,01-01-2024
08-02-2024,38,Rabi,Trial 10,T4,3.2,0.8,1.8,2,,,,,01-01-2024
08-02-2024,38,Rabi,Trial 10,T5,0.6,0,0.6,0,,,,,01-01-2024
12-02-2024,42,Rabi,Trial 10,T1,6,7.6,1,5,,,,,01-01-2024
12-02-2024,42,Rabi,Trial 10,T2,3.8,1.2,0.8,2,,,,,01-01-2024
12-02-2024,42,Rabi,Trial 10,T3,2.4,4.2,4.2,4,,,,,01-01-2024
12-02-2024,42,Rabi,Trial 10,T4,8.2,8.8,3.8,7,,,,,01-01-2024
12-02-2024,42,Rabi,Trial 10,T5,2,0.6,0.6,1,,,,,01-01-2024
15-02-2024,45,Rabi,Trial 10,T1,3.8,2.8,2,3,,,,,01-01-2024
15-02-2024,45,Rabi,Trial 10,T2,1.2,0.6,0.6,1,,,,,01-01-2024
15-02-2024,45,Rabi,Trial 10,T3,0.2,0.2,0.8,0,,,,,01-01-2024
15-02-2024,45,Rabi,Trial 10,T4,3,3.4,3.8,3,,,,,01-01-2024
15-02-2024,45,Rabi,Trial 10,T5,0.4,0.6,1,1,,,,,01-01-2024
19-02-2024,49,Rabi,Trial 10,T1,2.4,1.8,1.6,2,,,,,01-01-2024
19-02-2024,49,Rabi,Trial 10,T2,0.8,0.2,0.2,0,,,,,01-01-2024
19-02-2024,49,Rabi,Trial 10,T3,0.8,0.8,0.8,1,,,,,01-01-2024
19-02-2024,49,Rabi,Trial 10,T4,3.2,3.8,3.2,3,,,,,01-01-2024
19-02-2024,49,Rabi,Trial 10,T5,1.2,1,0.8,1,,,,,01-01-2024
22-02-2024,52,Rabi,Trial 10,T1,3.4,0.6,0.6,2,,,,,01-01-2024
22-02-2024,52,Rabi,Trial 10,T2,0.8,0.6,0.2,1,,,,,01-01-2024
22-02-2024,52,Rabi,Trial 10,T3,1,0.4,0.6,1,,,,,01-01-2024
22-02-2024,52,Rabi,Trial 10,T4,3.6,2.4,3.4,3,,,,,01-01-2024
22-02-2024,52,Rabi,Trial 10,T5,0.8,0.8,0.6,1,,,,,01-01-2024
26-02-2024,56,Rabi,Trial 10,T1,0.8,0.8,0.8,1,,,,,01-01-2024
26-02-2024,56,Rabi,Trial 10,T2,0.2,0.2,0.2,0,,,,,01-01-2024
26-02-2024,56,Rabi,Trial 10,T3,0.4,0.6,0,0,,,,,01-01-2024
26-02-2024,56,Rabi,Trial 10,T4,1.2,1.6,0,1,,,,,01-01-2024
26-02-2024,56,Rabi,Trial 10,T5,0.2,0.2,0,0,,,,,01-01-2024
29-02-2024,59,Rabi,Trial 10,T1,2.6,2,1,2,,,,,01-01-2024
29-02-2024,59,Rabi,Trial 10,T2,0,0,0,0,,,,,01-01-2024
29-02-2024,59,Rabi,Trial 10,T3,0.2,0.4,0,0,,,,,01-01-2024
29-02-2024,59,Rabi,Trial 10,T4,3,2.4,1.8,2,,,,,01-01-2024
29-02-2024,59,Rabi,Trial 10,T5,0,0,0.2,0,,,,,01-01-2024
04-03-2024,63,Rabi,Trial 10,T1,0.4,1,0.8,1,,,,,01-01-2024
04-03-2024,63,Rabi,Trial 10,T2,0,0,0,0,,,,,01-01-2024
04-03-2024,63,Rabi,Trial 10,T3,0,0,0,0,,,,,01-01-2024
04-03-2024,63,Rabi,Trial 10,T4,1.2,2.2,0.2,1,,,,,01-01-2024
04-03-2024,63,Rabi,Trial 10,T5,0,2.2,0.2,1,,,,,01-01-2024
07-03-2024,66,Rabi,Trial 10,T1,0.2,0,0,0,,,,,01-01-2024
07-03-2024,66,Rabi,Trial 10,T2,0,0,0,0,,,,,01-01-2024
07-03-2024,66,Rabi,Trial 10,T3,0,0,0,0,,,,,01-01-2024
07-03-2024,66,Rabi,Trial 10,T4,0,0,4.6,2,,,,,01-01-2024
07-03-2024,66,Rabi,Trial 10,T5,0,0,0,0,,,,,01-01-2024
11-03-2024,70,Rabi,Trial 10,T1,3.6,0,0.8,1,,,,,01-01-2024
11-03-2024,70,Rabi,Trial 10,T2,0.2,0,0.2,0,,,,,01-01-2024
11-03-2024,70,Rabi,Trial 10,T3,0.2,0,0.2,0,,,,,01-01-2024
11-03-2024,70,Rabi,Trial 10,T4,1.4,0,1.6,1,,,,,01-01-2024
11-03-2024,70,Rabi,Trial 10,T5,0,0,0,0,,,,,01-01-2024
14-03-2024,73,Rabi,Trial 10,T1,0,0.4,0.2,0,,,,,01-01-2024
14-03-2024,73,Rabi,Trial 10,T2,0.2,0.6,0,0,,,,,01-01-2024
14-03-2024,73,Rabi,Trial 10,T3,0,0,0,0,,,,,01-01-2024
14-03-2024,73,Rabi,Trial 10,T4,1.2,0.6,0,1,,,,,01-01-2024
14-03-2024,73,Rabi,Trial 10,T5,0,0.4,0,0,,,,,01-01-2024
18-03-2024,77,Rabi,Trial 10,T1,0,0,0,0,,,,,01-01-2024
18-03-2024,77,Rabi,Trial 10,T2,0,0,0,0,,,,,01-01-2024
18-03-2024,77,Rabi,Trial 10,T3,0,0,0,0,,,,,01-01-2024
18-03-2024,77,Rabi,Trial 10,T4,0.2,1.4,1.4,1,,,,,01-01-2024
18-03-2024,77,Rabi,Trial 10,T5,0.2,0.4,0.4,0,,,,,01-01-2024
21-03-2024,80,Rabi,Trial 10,T1,0,0,0,0,,,,,01-01-2024
21-03-2024,80,Rabi,Trial 10,T2,0,0,0,0,,,,,01-01-2024
21-03-2024,80,Rabi,Trial 10,T3,0,0,0,0,,,,,01-01-2024
21-03-2024,80,Rabi,Trial 10,T4,0,0.4,0.2,0,,,,,01-01-2024
21-03-2024,80,Rabi,Trial 10,T5,0.2,0,0,0,,,,,01-01-2024
05-02-2024,19,Rabi,Trial 11,T1,0,0,0,0,,17-01-2024,,,17-01-2024
05-02-2024,19,Rabi,Trial 11,T2,0,0,0,0,,,,,17-01-2024
05-02-2024,19,Rabi,Trial 11,T3,0,0,0,0,,,,,17-01-2024
05-02-2024,19,Rabi,Trial 11,T4,0,0,0,0,,,,,17-01-2024
05-02-2024,19,Rabi,Trial 11,T5,0,0,0,0,,,,,17-01-2024
08-02-2024,22,Rabi,Trial 11,T1,0,0,0,0,,,,,17-01-2024
08-02-2024,22,Rabi,Trial 11,T2,0,0,0,0,,,,,17-01-2024
08-02-2024,22,Rabi,Trial 11,T3,0,0,0,0,,,,,17-01-2024
08-02-2024,22,Rabi,Trial 11,T4,0,0,0,0,,,,,17-01-2024
08-02-2024,22,Rabi,Trial 11,T5,0,0,0,0,,,,,17-01-2024
12-02-2024,26,Rabi,Trial 11,T1,0,0,0,0,,,,,17-01-2024
12-02-2024,26,Rabi,Trial 11,T2,0,0,0,0,,,,,17-01-2024
12-02-2024,26,Rabi,Trial 11,T3,0,0,0,0,,,,,17-01-2024
12-02-2024,26,Rabi,Trial 11,T4,0,0,0,0,,,,,17-01-2024
12-02-2024,26,Rabi,Trial 11,T5,0,0,0,0,,,,,17-01-2024
15-02-2024,29,Rabi,Trial 11,T1,0,0.6,0.6,0,,,,,17-01-2024
15-02-2024,29,Rabi,Trial 11,T2,0.4,0.2,0.2,0,,,,,17-01-2024
15-02-2024,29,Rabi,Trial 11,T3,0,0.2,0.2,0,,,,,17-01-2024
15-02-2024,29,Rabi,Trial 11,T4,0.8,0,0.6,0,,,,,17-01-2024
15-02-2024,29,Rabi,Trial 11,T5,0.2,0.2,0.2,0,,,,,17-01-2024
19-02-2024,33,Rabi,Trial 11,T1,0.6,1.2,0.2,1,,,,,17-01-2024
19-02-2024,33,Rabi,Trial 11,T2,0.2,0.2,0.2,0,,,,,17-01-2024
19-02-2024,33,Rabi,Trial 11,T3,0,0,0,0,,,,,17-01-2024
19-02-2024,33,Rabi,Trial 11,T4,0.6,1.8,0.6,1,,,,,17-01-2024
19-02-2024,33,Rabi,Trial 11,T5,0,0,0.4,0,,,,,17-01-2024
22-02-2024,36,Rabi,Trial 11,T1,0.6,0.6,1,1,,,,,17-01-2024
22-02-2024,36,Rabi,Trial 11,T2,0.4,0.6,0.4,0,,,,,17-01-2024
22-02-2024,36,Rabi,Trial 11,T3,0.8,0.4,0.6,1,,,,,17-01-2024
22-02-2024,36,Rabi,Trial 11,T4,1.8,1.8,2,2,,,,,17-01-2024
22-02-2024,36,Rabi,Trial 11,T5,0.2,0.4,0.2,0,,,,,17-01-2024
26-02-2024,40,Rabi,Trial 11,T1,0.6,0.4,0.2,0,,,,,17-01-2024
26-02-2024,40,Rabi,Trial 11,T2,0,0,0,0,,,,,17-01-2024
26-02-2024,40,Rabi,Trial 11,T3,0,0,0,0,,,,,17-01-2024
26-02-2024,40,Rabi,Trial 11,T4,0.8,0.8,0.8,1,,,,,17-01-2024
26-02-2024,40,Rabi,Trial 11,T5,0,0,0,0,,,,,17-01-2024
29-02-2024,43,Rabi,Trial 11,T1,1.6,1.2,1.8,2,,,,,17-01-2024
29-02-2024,43,Rabi,Trial 11,T2,0,0,0,0,,,,,17-01-2024
29-02-2024,43,Rabi,Trial 11,T3,0.6,0.2,0.6,0,,,,,17-01-2024
29-02-2024,43,Rabi,Trial 11,T4,1.6,1.4,1.6,2,,,,,17-01-2024
29-02-2024,43,Rabi,Trial 11,T5,0.4,0,0.2,0,,,,,17-01-2024
04-03-2024,47,Rabi,Trial 11,T1,1.6,1.2,0.6,1,,,,,17-01-2024
04-03-2024,47,Rabi,Trial 11,T2,0,0.6,0,0,,,,,17-01-2024
04-03-2024,47,Rabi,Trial 11,T3,0,0,0.4,0,,,,,17-01-2024
04-03-2024,47,Rabi,Trial 11,T4,5.4,1.2,1,3,,,,,17-01-2024
04-03-2024,47,Rabi,Trial 11,T5,0,0,0,0,,,,,17-01-2024
07-03-2024,50,Rabi,Trial 11,T1,0.6,0,0.4,0,,,,,17-01-2024
07-03-2024,50,Rabi,Trial 11,T2,0,0,0,0,,,,,17-01-2024
07-03-2024,50,Rabi,Trial 11,T3,0,0,0.6,0,,,,,17-01-2024
07-03-2024,50,Rabi,Trial 11,T4,0.6,0,1.2,1,,,,,17-01-2024
07-03-2024,50,Rabi,Trial 11,T5,0,0.2,0,0,,,,,17-01-2024
11-03-2024,54,Rabi,Trial 11,T1,0.8,0.2,0,0,,,,,17-01-2024
11-03-2024,54,Rabi,Trial 11,T2,0,0.2,0,0,,,,,17-01-2024
11-03-2024,54,Rabi,Trial 11,T3,0.2,0,0,0,,,,,17-01-2024
11-03-2024,54,Rabi,Trial 11,T4,0.6,0,0,0,,,,,17-01-2024
11-03-2024,54,Rabi,Trial 11,T5,0,0,0,0,,,,,17-01-2024
14-03-2024,57,Rabi,Trial 11,T1,0.2,0.8,0.4,0,,,,,17-01-2024
14-03-2024,57,Rabi,Trial 11,T2,0,0.2,0.6,0,,,,,17-01-2024
14-03-2024,57,Rabi,Trial 11,T3,0,1,0.2,0,,,,,17-01-2024
14-03-2024,57,Rabi,Trial 11,T4,2.2,1,0.4,1,,,,,17-01-2024
14-03-2024,57,Rabi,Trial 11,T5,0.2,0.2,0.2,0,,,,,17-01-2024
18-03-2024,61,Rabi,Trial 11,T1,0,0.2,0.4,0,,,,,17-01-2024
18-03-2024,61,Rabi,Trial 11,T2,0,0,0,0,,,,,17-01-2024
18-03-2024,61,Rabi,Trial 11,T3,0.2,0,0.2,0,,,,,17-01-2024
18-03-2024,61,Rabi,Trial 11,T4,0.8,0.8,0.8,1,,,,,17-01-2024
18-03-2024,61,Rabi,Trial 11,T5,0.2,0.2,0,0,,,,,17-01-2024
21-03-2024,64,Rabi,Trial 11,T1,0,0,0,0,,,,,17-01-2024
21-03-2024,64,Rabi,Trial 11,T2,0,0,0.2,0,,,,,17-01-2024
21-03-2024,64,Rabi,Trial 11,T3,0,0,0,0,,,,,17-01-2024
21-03-2024,64,Rabi,Trial 11,T4,0.2,0.2,0.4,0,,,,,17-01-2024
21-03-2024,64,Rabi,Trial 11,T5,0,0.4,0.4,0,,,,,17-01-2024
26-03-2024,69,Rabi,Trial 11,T1,0,0,0,0,,,,,17-01-2024
26-03-2024,69,Rabi,Trial 11,T2,0,0,0,0,,,,,17-01-2024
26-03-2024,69,Rabi,Trial 11,T3,0,0,0,0,,,,,17-01-2024
26-03-2024,69,Rabi,Trial 11,T4,0,0,0,0,,,,,17-01-2024
26-03-2024,69,Rabi,Trial 11,T5,0,0,0,0,,,,,17-01-2024
19-02-2024,18,Rabi,Trial 12,T1,0,0,0,0,,01-02-2024,,,01-02-2024
19-02-2024,18,Rabi,Trial 12,T2,0,0,0,0,,,,,01-02-2024
19-02-2024,18,Rabi,Trial 12,T3,0,0,0,0,,,,,01-02-2024
19-02-2024,18,Rabi,Trial 12,T4,0,0,0,0,,,,,01-02-2024
19-02-2024,18,Rabi,Trial 12,T5,0,0,0,0,,,,,01-02-2024
22-02-2024,21,Rabi,Trial 12,T1,0,0,0,0,,,,,01-02-2024
22-02-2024,21,Rabi,Trial 12,T2,0,0,0,0,,,,,01-02-2024
22-02-2024,21,Rabi,Trial 12,T3,0,0,0,0,,,,,01-02-2024
22-02-2024,21,Rabi,Trial 12,T4,0,0,0,0,,,,,01-02-2024
22-02-2024,21,Rabi,Trial 12,T5,0,0,0,0,,,,,01-02-2024
26-02-2024,25,Rabi,Trial 12,T1,0,0,0,0,,,,,01-02-2024
26-02-2024,25,Rabi,Trial 12,T2,0,0,0.4,0,,,,,01-02-2024
26-02-2024,25,Rabi,Trial 12,T3,0,0,0.2,0,,,,,01-02-2024
26-02-2024,25,Rabi,Trial 12,T4,0.2,0.6,0.4,0,,,,,01-02-2024
26-02-2024,25,Rabi,Trial 12,T5,0,0.2,0.4,0,,,,,01-02-2024
29-02-2024,28,Rabi,Trial 12,T1,0.2,0.6,1,1,,,,,01-02-2024
29-02-2024,28,Rabi,Trial 12,T2,0,0.2,0,0,,,,,01-02-2024
29-02-2024,28,Rabi,Trial 12,T3,0,0.2,0.2,0,,,,,01-02-2024
29-02-2024,28,Rabi,Trial 12,T4,0.6,2,1.4,1,,,,,01-02-2024
29-02-2024,28,Rabi,Trial 12,T5,0,0,0,0,,,,,01-02-2024
04-03-2024,32,Rabi,Trial 12,T1,0.6,1.4,0.6,1,,,,,01-02-2024
04-03-2024,32,Rabi,Trial 12,T2,0.2,0.2,0.2,0,,,,,01-02-2024
04-03-2024,32,Rabi,Trial 12,T3,0.2,0.2,0.2,0,,,,,01-02-2024
04-03-2024,32,Rabi,Trial 12,T4,1,1.4,0.8,1,,,,,01-02-2024
04-03-2024,32,Rabi,Trial 12,T5,0,0,0.2,0,,,,,01-02-2024
07-03-2024,35,Rabi,Trial 12,T1,0,0.6,0.8,0,,,,,01-02-2024
07-03-2024,35,Rabi,Trial 12,T2,0.2,0,0.2,0,,,,,01-02-2024
07-03-2024,35,Rabi,Trial 12,T3,0.6,0,0.2,0,,,,,01-02-2024
07-03-2024,35,Rabi,Trial 12,T4,1,2.8,2,2,,,,,01-02-2024
07-03-2024,35,Rabi,Trial 12,T5,0,0.6,0,0,,,,,01-02-2024
11-03-2024,39,Rabi,Trial 12,T1,0,0.6,0.8,0,,,,,01-02-2024
11-03-2024,39,Rabi,Trial 12,T2,0.2,0,0,0,,,,,01-02-2024
11-03-2024,39,Rabi,Trial 12,T3,0,0,0,0,,,,,01-02-2024
11-03-2024,39,Rabi,Trial 12,T4,0.8,0.8,1.2,1,,,,,01-02-2024
11-03-2024,39,Rabi,Trial 12,T5,0,0,0,0,,,,,01-02-2024
14-03-2024,42,Rabi,Trial 12,T1,0.8,0,0.6,0,,,,,01-02-2024
14-03-2024,42,Rabi,Trial 12,T2,0.2,0.4,0.4,0,,,,,01-02-2024
14-03-2024,42,Rabi,Trial 12,T3,0.4,0.2,0.2,0,,,,,01-02-2024
14-03-2024,42,Rabi,Trial 12,T4,1.4,1.8,0.8,1,,,,,01-02-2024
14-03-2024,42,Rabi,Trial 12,T5,0,0.2,0.2,0,,,,,01-02-2024
18-03-2024,46,Rabi,Trial 12,T1,0,0,0.2,0,,,,,01-02-2024
18-03-2024,46,Rabi,Trial 12,T2,0.4,0,0,0,,,,,01-02-2024
18-03-2024,46,Rabi,Trial 12,T3,0.2,0.2,0.6,0,,,,,01-02-2024
18-03-2024,46,Rabi,Trial 12,T4,0,0,1.4,0,,,,,01-02-2024
18-03-2024,46,Rabi,Trial 12,T5,0,0,0.2,0,,,,,01-02-2024
21-03-2024,49,Rabi,Trial 12,T1,0.2,0,0,0,,,,,01-02-2024
21-03-2024,49,Rabi,Trial 12,T2,0,0,0,0,,,,,01-02-2024
21-03-2024,49,Rabi,Trial 12,T3,0,0,0,0,,,,,01-02-2024
21-03-2024,49,Rabi,Trial 12,T4,0.6,0.4,0,0,,,,,01-02-2024
21-03-2024,49,Rabi,Trial 12,T5,0,0,0,0,,,,,01-02-2024
26-03-2024,54,Rabi,Trial 12,T1,0,0,0,0,,,,,01-02-2024
26-03-2024,54,Rabi,Trial 12,T2,0,0,0,0,,,,,01-02-2024
26-03-2024,54,Rabi,Trial 12,T3,0,0,0,0,,,,,01-02-2024
26-03-2024,54,Rabi,Trial 12,T4,0,0,0,0,,,,,01-02-2024
26-03-2024,54,Rabi,Trial 12,T5,0,0,0,0,,,,,01-02-2024
28-03-2024,56,Rabi,Trial 12,T1,0,0,0,0,,,,,01-02-2024
28-03-2024,56,Rabi,Trial 12,T2,0,0,0,0,,,,,01-02-2024
28-03-2024,56,Rabi,Trial 12,T3,0,0,0,0,,,,,01-02-2024
28-03-2024,56,Rabi,Trial 12,T4,0,0,0,0,,,,,01-02-2024
28-03-2024,56,Rabi,Trial 12,T5,0,0,0,0,,,,,01-02-2024
01-04-2024,60,Rabi,Trial 12,T1,0,0,0,0,,,,,01-02-2024
01-04-2024,60,Rabi,Trial 12,T2,0,0,0,0,,,,,01-02-2024
01-04-2024,60,Rabi,Trial 12,T3,0,0,0,0,,,,,01-02-2024
01-04-2024,60,Rabi,Trial 12,T4,0,0,0,0,,,,,01-02-2024
01-04-2024,60,Rabi,Trial 12,T5,0,0,0,0,,,,,01-02-2024
04-04-2024,63,Rabi,Trial 12,T1,0.2,0,0,0,,,,,01-02-2024
04-04-2024,63,Rabi,Trial 12,T2,0,0,0,0,,,,,01-02-2024
04-04-2024,63,Rabi,Trial 12,T3,0,0,0,0,,,,,01-02-2024
04-04-2024,63,Rabi,Trial 12,T4,0,0,0,0,,,,,01-02-2024
04-04-2024,63,Rabi,Trial 12,T5,0,0,0,0,,,,,01-02-2024
15-04-2024,74,Rabi,Trial 12,T1,0,0.2,0.2,0,,,,,01-02-2024
15-04-2024,74,Rabi,Trial 12,T2,0,0,0,0,,,,,01-02-2024
15-04-2024,74,Rabi,Trial 12,T3,0,0,0,0,,,,,01-02-2024
15-04-2024,74,Rabi,Trial 12,T4,0,0,0,0,,,,,01-02-2024
15-04-2024,74,Rabi,Trial 12,T5,0,0,0,0,,,,,01-02-2024
18-04-2024,77,Rabi,Trial 12,T1,0,0.2,0.2,0,,,,,01-02-2024
18-04-2024,77,Rabi,Trial 12,T2,0,0,0,0,,,,,01-02-2024
18-04-2024,77,Rabi,Trial 12,T3,0,0,0,0,,,,,01-02-2024
18-04-2024,77,Rabi,Trial 12,T4,0,0,0,0,,,,,01-02-2024
18-04-2024,77,Rabi,Trial 12,T5,0,0,0,0,,,,,01-02-2024
22-04-2024,81,Rabi,Trial 12,T1,0.2,0.2,0.2,0,,,,,01-02-2024
22-04-2024,81,Rabi,Trial 12,T2,0,0,0,0,,,,,01-02-2024
22-04-2024,81,Rabi,Trial 12,T3,0,0,0,0,,,,,01-02-2024
22-04-2024,81,Rabi,Trial 12,T4,0.2,0,0,0,,,,,01-02-2024
22-04-2024,81,Rabi,Trial 12,T5,0,0,0,0,,,,,01-02-2024
25-04-2024,84,Rabi,Trial 12,T1,0,0.2,0.2,0,,,,,01-02-2024
25-04-2024,84,Rabi,Trial 12,T2,0,0,0,0,,,,,01-02-2024
25-04-2024,84,Rabi,Trial 12,T3,0,0,0,0,,,,,01-02-2024
25-04-2024,84,Rabi,Trial 12,T4,0,0,0,0,,,,,01-02-2024
25-04-2024,84,Rabi,Trial 12,T5,0,0,0,0,,,,,01-02-2024
